sampleArticleId,sampleTitle,relationKind,rank,neighborArticleId,neighborTitle,objectId,canonicalName,objectType,semanticSimilarity,titleSimilarity,bodySimilarity,sameCanonicalPlace,sameCultureEvent,directRelation
5165939,[굿모닝문화] 조원재·성연화 '평온의 순간' / 문인들의 예술혼,ARTICLE,1,5182852,[굿모닝문화] 패브릭의 회화 / 문자와 민화의 만남,,,,0.6524398326873779,0.5249981880187988,0.6524398326873779,False,False,
5165939,[굿모닝문화] 조원재·성연화 '평온의 순간' / 문인들의 예술혼,ARTICLE,2,5176716,[굿모닝문화] 글램록 뮤지컬 / 백제 연인의 사랑 / 초속 5센티미터,,,,0.650802493095398,0.42411503195762634,0.650802493095398,False,False,
5165939,[굿모닝문화] 조원재·성연화 '평온의 순간' / 문인들의 예술혼,ARTICLE,3,5169286,"[Musical] 뮤지컬 ‘팬레터’…안녕, 나의 빛 나의 악몽",,,,0.6487879753112793,0.3962973654270172,0.6487879753112793,False,False,
5165939,[굿모닝문화] 조원재·성연화 '평온의 순간' / 문인들의 예술혼,ARTICLE,4,5181421,[굿모닝문화] 조선 청자와 고려 백자 / 이명미의 놀이 / 무대 위 '씻김굿',,,,0.6431967616081238,0.4740379750728607,0.6431967616081238,False,False,
5165939,[굿모닝문화] 조원재·성연화 '평온의 순간' / 문인들의 예술혼,ARTICLE,5,5202017,[굿모닝문화] 앤디 덴즐러 소장전 / 소리 향한 집념 / 박효신과 홍광호,,,,0.6313610672950745,0.4660910665988922,0.6313610672950745,False,False,
5165939,[굿모닝문화] 조원재·성연화 '평온의 순간' / 문인들의 예술혼,ENTITY,1,,,place_0009,진해해양공원,PLACE,0.4362098276615143,0.33629679679870605,0.4362098276615143,,,False
5165939,[굿모닝문화] 조원재·성연화 '평온의 순간' / 문인들의 예술혼,ENTITY,2,,,event_0030,울산옹기축제,EVENT,0.42338186502456665,0.29367002844810486,0.42338186502456665,,,False
5165939,[굿모닝문화] 조원재·성연화 '평온의 순간' / 문인들의 예술혼,ENTITY,3,,,place_0001,국립현대미술관,PLACE,0.4210160970687866,0.36995789408683777,0.4210160970687866,,,False
5165939,[굿모닝문화] 조원재·성연화 '평온의 순간' / 문인들의 예술혼,ENTITY,4,,,place_0007,완도수목원,PLACE,0.416106641292572,0.29528701305389404,0.416106641292572,,,False
5165939,[굿모닝문화] 조원재·성연화 '평온의 순간' / 문인들의 예술혼,ENTITY,5,,,place_0020,행주산성 역사공원,PLACE,0.40906575322151184,0.3308887183666229,0.40906575322151184,,,False
5168190,[Mind Note] 최고의 시작을 만드는 방법 ‘최신효과’의 힘,ARTICLE,1,5171442,[Mind Note] 새해의 다짐…‘나’에게도 더 관대해지길,,,,0.597536563873291,0.5185208916664124,0.597536563873291,False,False,
5168190,[Mind Note] 최고의 시작을 만드는 방법 ‘최신효과’의 힘,ARTICLE,2,5206926,[Mind Note] 새옹지마의 깨달음,,,,0.5868974924087524,0.5034002065658569,0.5868974924087524,False,False,
5168190,[Mind Note] 최고의 시작을 만드는 방법 ‘최신효과’의 힘,ARTICLE,3,5196000,"[Mind Note] 고마워, 미안해, 사랑해의 힘…정서적 지지의 말 제대로 하기",,,,0.5788502097129822,0.5395357608795166,0.5788502097129822,False,False,
5168190,[Mind Note] 최고의 시작을 만드는 방법 ‘최신효과’의 힘,ARTICLE,4,5191854,[Mind Note] 3년 일기를 쓰며…작년의 나와 올해의 나로 본 사실,,,,0.5765352249145508,0.47249895334243774,0.5765352249145508,False,False,
5168190,[Mind Note] 최고의 시작을 만드는 방법 ‘최신효과’의 힘,ARTICLE,5,5208420,[Mind Note] ‘긍정적 생각’의 힘…생각은 시계도 거꾸로 돌린다!,,,,0.5753448605537415,0.5691779255867004,0.5753448605537415,False,False,
5168190,[Mind Note] 최고의 시작을 만드는 방법 ‘최신효과’의 힘,ENTITY,1,,,place_0021,오천그린광장,PLACE,0.4628586769104004,0.2680606544017792,0.4628586769104004,,,False
5168190,[Mind Note] 최고의 시작을 만드는 방법 ‘최신효과’의 힘,ENTITY,2,,,place_0010,평화누리공원,PLACE,0.4552409052848816,0.3124283254146576,0.4552409052848816,,,False
5168190,[Mind Note] 최고의 시작을 만드는 방법 ‘최신효과’의 힘,ENTITY,3,,,place_0022,헌화로,PLACE,0.43157944083213806,0.32530802488327026,0.43157944083213806,,,False
5168190,[Mind Note] 최고의 시작을 만드는 방법 ‘최신효과’의 힘,ENTITY,4,,,place_0011,인흥마을,PLACE,0.42717498540878296,0.2764570415019989,0.42717498540878296,,,False
5168190,[Mind Note] 최고의 시작을 만드는 방법 ‘최신효과’의 힘,ENTITY,5,,,place_0014,모아시,PLACE,0.4158804416656494,0.3293567895889282,0.4158804416656494,,,False
5170849,[Movie] 초능력자지만 사랑은 하고 싶어...영화 ‘나만의 비밀’,ARTICLE,1,5203971,"[Movie] 영화 ‘신사: 악귀의 속삭임’…높아진 K-오컬트, 아쉬운 호러 장르",,,,0.5645180940628052,0.4470256268978119,0.5645180940628052,False,False,
5170849,[Movie] 초능력자지만 사랑은 하고 싶어...영화 ‘나만의 비밀’,ARTICLE,2,5167628,[Movie] 평범을 비범으로 만든 흑백 미장센...영화 ‘굿 포 낫씽’,,,,0.5509598255157471,0.4831101894378662,0.5509598255157471,False,False,
5170849,[Movie] 초능력자지만 사랑은 하고 싶어...영화 ‘나만의 비밀’,ARTICLE,3,5167546,[굿모닝문화] 만약에 우리 / 훗카이도의 소년과 소녀 / 고전 코미디의 미학,,,,0.5495647192001343,0.37459415197372437,0.5495647192001343,False,False,
5170849,[Movie] 초능력자지만 사랑은 하고 싶어...영화 ‘나만의 비밀’,ARTICLE,4,5172540,[Movie] 꿈 같은 여행 특별해진 나날…영화 ‘여행과 나날’,,,,0.5465450286865234,0.5353530645370483,0.5465450286865234,False,False,
5170849,[Movie] 초능력자지만 사랑은 하고 싶어...영화 ‘나만의 비밀’,ARTICLE,5,5209645,[Movie] 영화 ‘스파이더맨: 브랜드 뉴 데이’…‘톰스파’의 화려한 귀환,,,,0.5414043068885803,0.49122849106788635,0.5414043068885803,False,False,
5170849,[Movie] 초능력자지만 사랑은 하고 싶어...영화 ‘나만의 비밀’,ENTITY,1,,,place_0012,선교장,PLACE,0.325435996055603,0.3104286193847656,0.325435996055603,,,False
5170849,[Movie] 초능력자지만 사랑은 하고 싶어...영화 ‘나만의 비밀’,ENTITY,2,,,place_0014,모아시,PLACE,0.3182353377342224,0.320640504360199,0.3182353377342224,,,False
5170849,[Movie] 초능력자지만 사랑은 하고 싶어...영화 ‘나만의 비밀’,ENTITY,3,,,place_0001,국립현대미술관,PLACE,0.3117755949497223,0.3647603988647461,0.3117755949497223,,,False
5170849,[Movie] 초능력자지만 사랑은 하고 싶어...영화 ‘나만의 비밀’,ENTITY,4,,,place_0008,월악산국립공원,PLACE,0.29963964223861694,0.28801727294921875,0.29963964223861694,,,False
5170849,[Movie] 초능력자지만 사랑은 하고 싶어...영화 ‘나만의 비밀’,ENTITY,5,,,place_0021,오천그린광장,PLACE,0.29380089044570923,0.29953640699386597,0.29380089044570923,,,False
5173421,[Find Dining] 제주 동네 맛집…관광객보다 현지인이 더 많은 곳은 어디?,ARTICLE,1,5209482,[Find Dining] 제주 여름 여행…이 세 곳은 꼭 가야 한다,,,,0.5956073999404907,0.6045708656311035,0.5956073999404907,False,False,
5173421,[Find Dining] 제주 동네 맛집…관광객보다 현지인이 더 많은 곳은 어디?,ARTICLE,2,5202639,[Find Dining] 경기도 맛집 원정대…프로 먹방러의 원정 식탁,,,,0.5954341292381287,0.4732540547847748,0.5954341292381287,False,False,
5173421,[Find Dining] 제주 동네 맛집…관광객보다 현지인이 더 많은 곳은 어디?,ARTICLE,3,5192116,"[Find Dining] 메뉴, 분위기, 가격까지 오케이! 단톡방에서 가장 환영받는 식당",,,,0.5865036845207214,0.45692381262779236,0.5865036845207214,False,False,
5173421,[Find Dining] 제주 동네 맛집…관광객보다 현지인이 더 많은 곳은 어디?,ARTICLE,4,5205161,[Find Dining] “널 위해 예약했어” 조금은 특별한 저녁 약속,,,,0.5854231119155884,0.42006367444992065,0.5854231119155884,False,False,
5173421,[Find Dining] 제주 동네 맛집…관광객보다 현지인이 더 많은 곳은 어디?,ARTICLE,5,5208062,[Find Dining] 한 입이면 더위 끝! 여름 냉(冷) 미식,,,,0.5611125230789185,0.4145359396934509,0.5611125230789185,False,False,
5173421,[Find Dining] 제주 동네 맛집…관광객보다 현지인이 더 많은 곳은 어디?,ENTITY,1,,,place_0009,진해해양공원,PLACE,0.4816165566444397,0.41270846128463745,0.4816165566444397,,,False
5173421,[Find Dining] 제주 동네 맛집…관광객보다 현지인이 더 많은 곳은 어디?,ENTITY,2,,,place_0015,옥동식,PLACE,0.47585511207580566,0.38284793496131897,0.47585511207580566,,,False
5173421,[Find Dining] 제주 동네 맛집…관광객보다 현지인이 더 많은 곳은 어디?,ENTITY,3,,,place_0008,월악산국립공원,PLACE,0.4520648717880249,0.3444274067878723,0.4520648717880249,,,False
5173421,[Find Dining] 제주 동네 맛집…관광객보다 현지인이 더 많은 곳은 어디?,ENTITY,4,,,place_0014,모아시,PLACE,0.42511463165283203,0.3585922420024872,0.42511463165283203,,,False
5173421,[Find Dining] 제주 동네 맛집…관광객보다 현지인이 더 많은 곳은 어디?,ENTITY,5,,,place_0020,행주산성 역사공원,PLACE,0.4190705418586731,0.35067254304885864,0.4190705418586731,,,False
5175827,"[Overseas Trip] 활화산, 그리고 도시의 맛에 취한 시간들...가고시마 여행",ARTICLE,1,5200296,[Travel News] 죽은 료칸도 되살리는 112년 호시노의 마법... 여름 성수기 오기 전 미리 알아보는 규슈 온천 여행 안내서,,,,0.6245131492614746,0.44119134545326233,0.6245131492614746,False,False,
5175827,"[Overseas Trip] 활화산, 그리고 도시의 맛에 취한 시간들...가고시마 여행",ARTICLE,2,5193073,"[Overseas Trip] 슬픔과 아픔, 평화와 자유의 땅, 히로시마 여행",,,,0.6077302694320679,0.6322572827339172,0.6077302694320679,False,False,
5175827,"[Overseas Trip] 활화산, 그리고 도시의 맛에 취한 시간들...가고시마 여행",ARTICLE,3,5181540,[Find Dining] 돼지고기가 거기서 거기? 당신의 편견을 깰 서울의 ‘돈(豚) 맛집’,,,,0.5916822552680969,0.3830983638763428,0.5916822552680969,False,False,
5175827,"[Overseas Trip] 활화산, 그리고 도시의 맛에 취한 시간들...가고시마 여행",ARTICLE,4,5206796,"[Travel] 켜켜이 쌓인 시간의 섬, 강화도…전등사 처마 아래 매미 소리를 듣다",,,,0.5491828322410583,0.5099233388900757,0.5491828322410583,False,False,
5175827,"[Overseas Trip] 활화산, 그리고 도시의 맛에 취한 시간들...가고시마 여행",ARTICLE,5,5182075,"[Overseas Trip] 멕시코 여행① 열정을 거침없이 사랑하라 ... 강렬한 태양을 닮은 도시, 과달라하라",,,,0.5436927080154419,0.5606034994125366,0.5436927080154419,False,False,
5175827,"[Overseas Trip] 활화산, 그리고 도시의 맛에 취한 시간들...가고시마 여행",ENTITY,1,,,place_0020,행주산성 역사공원,PLACE,0.45901286602020264,0.41752544045448303,0.45901286602020264,,,False
5175827,"[Overseas Trip] 활화산, 그리고 도시의 맛에 취한 시간들...가고시마 여행",ENTITY,2,,,place_0015,옥동식,PLACE,0.4137137234210968,0.3412528932094574,0.4137137234210968,,,False
5175827,"[Overseas Trip] 활화산, 그리고 도시의 맛에 취한 시간들...가고시마 여행",ENTITY,3,,,place_0014,모아시,PLACE,0.41144275665283203,0.452320396900177,0.41144275665283203,,,False
5175827,"[Overseas Trip] 활화산, 그리고 도시의 맛에 취한 시간들...가고시마 여행",ENTITY,4,,,event_0026,양구 곰취축제,EVENT,0.3757476806640625,0.33292457461357117,0.3757476806640625,,,False
5175827,"[Overseas Trip] 활화산, 그리고 도시의 맛에 취한 시간들...가고시마 여행",ENTITY,5,,,event_0027,공룡세계엑스포,EVENT,0.3736005425453186,0.3162209093570709,0.3736005425453186,,,False
5179292,[Pet] 어서 오시‘개!’…반려동물 동반 문 넓어질 수 있을까?,ARTICLE,1,5188040,"[Pet] 오히려 늘어난 ‘노펫(No Pet)존’…동물 동반 출입 규제, 문턱 낮춘다",,,,0.8135349750518799,0.6761449575424194,0.8135349750518799,False,False,
5179292,[Pet] 어서 오시‘개!’…반려동물 동반 문 넓어질 수 있을까?,ARTICLE,2,5168520,[Pet] 반려동물의 위상…사람과 어깨 나란히 하는 반려동물,,,,0.64063960313797,0.5988306403160095,0.64063960313797,False,False,
5179292,[Pet] 어서 오시‘개!’…반려동물 동반 문 넓어질 수 있을까?,ARTICLE,3,5207813,"[Pet] 반려동물 입양, 최소한의 자격 증명해야",,,,0.6153888702392578,0.5731779932975769,0.6153888702392578,False,False,
5179292,[Pet] 어서 오시‘개!’…반려동물 동반 문 넓어질 수 있을까?,ARTICLE,4,5170665,[Pet] 업그레이드되는 반려동물 복지…‘반려동물 정책 리뉴얼’,,,,0.5979050993919373,0.6212970018386841,0.5979050993919373,False,False,
5179292,[Pet] 어서 오시‘개!’…반려동물 동반 문 넓어질 수 있을까?,ARTICLE,5,5189486,[Pet] 그들이 우리에게 오는 길…반려동물 입양과 선택지,,,,0.5753272771835327,0.6085978746414185,0.5753272771835327,False,False,
5179292,[Pet] 어서 오시‘개!’…반려동물 동반 문 넓어질 수 있을까?,ENTITY,1,,,place_0009,진해해양공원,PLACE,0.43086716532707214,0.4289340376853943,0.43086716532707214,,,False
5179292,[Pet] 어서 오시‘개!’…반려동물 동반 문 넓어질 수 있을까?,ENTITY,2,,,place_0023,거제 저도,PLACE,0.4180971086025238,0.41557276248931885,0.4180971086025238,,,False
5179292,[Pet] 어서 오시‘개!’…반려동물 동반 문 넓어질 수 있을까?,ENTITY,3,,,place_0024,국립등대박물관,PLACE,0.41716593503952026,0.35224899649620056,0.41716593503952026,,,False
5179292,[Pet] 어서 오시‘개!’…반려동물 동반 문 넓어질 수 있을까?,ENTITY,4,,,place_0007,완도수목원,PLACE,0.40540915727615356,0.3823811709880829,0.40540915727615356,,,False
5179292,[Pet] 어서 오시‘개!’…반려동물 동반 문 넓어질 수 있을까?,ENTITY,5,,,place_0008,월악산국립공원,PLACE,0.3945423662662506,0.3916207551956177,0.3945423662662506,,,False
5182010,"[Mind Note] 작아도 약한 것이 아니다, 사소한 것의 힘",ARTICLE,1,5192008,[Cover Story] “우리 피카(Fika) 할까?”…‘더 많이 일하는 것’에서 ‘더 잘 쉬는 것’으로,,,,0.6152993440628052,0.392175555229187,0.6152993440628052,False,False,
5182010,"[Mind Note] 작아도 약한 것이 아니다, 사소한 것의 힘",ARTICLE,2,5189232,[Mind Note] ‘어중간’은 어쩌면 ‘유연성’이 아닐까?!,,,,0.6075494289398193,0.5156025886535645,0.6075494289398193,False,False,
5182010,"[Mind Note] 작아도 약한 것이 아니다, 사소한 것의 힘",ARTICLE,3,5183457,"[Mind Note] 나를 보호하는, 일상을 환기시키는 ‘자기보호 행위’",,,,0.605055570602417,0.5323869585990906,0.605055570602417,False,False,
5182010,"[Mind Note] 작아도 약한 것이 아니다, 사소한 것의 힘",ARTICLE,4,5190168,[Buzz Buzz] 직장인의 新 풍조…흡연 대신 ‘화캉스’,,,,0.5914540886878967,0.29014042019844055,0.5914540886878967,False,False,
5182010,"[Mind Note] 작아도 약한 것이 아니다, 사소한 것의 힘",ARTICLE,5,5194498,[Mind Note] ‘외상 후 성장(PTG : Post Traumatic Growth)’에 관하여…고통이 고통만은 아닌 이유,,,,0.590288519859314,0.522560715675354,0.590288519859314,False,False,
5182010,"[Mind Note] 작아도 약한 것이 아니다, 사소한 것의 힘",ENTITY,1,,,place_0010,평화누리공원,PLACE,0.38940954208374023,0.29243457317352295,0.38940954208374023,,,False
5182010,"[Mind Note] 작아도 약한 것이 아니다, 사소한 것의 힘",ENTITY,2,,,place_0012,선교장,PLACE,0.38038161396980286,0.3410450220108032,0.38038161396980286,,,False
5182010,"[Mind Note] 작아도 약한 것이 아니다, 사소한 것의 힘",ENTITY,3,,,place_0009,진해해양공원,PLACE,0.3697585165500641,0.31987664103507996,0.3697585165500641,,,False
5182010,"[Mind Note] 작아도 약한 것이 아니다, 사소한 것의 힘",ENTITY,4,,,place_0001,국립현대미술관,PLACE,0.3608555793762207,0.30833807587623596,0.3608555793762207,,,False
5182010,"[Mind Note] 작아도 약한 것이 아니다, 사소한 것의 힘",ENTITY,5,,,place_0011,인흥마을,PLACE,0.3594585061073303,0.26084303855895996,0.3594585061073303,,,False
5184286,[Movie] 영화 ‘프로텍터’…엄마 버전 72시간 ‘테이큰’,ARTICLE,1,5203806,[Movie] 재미있을 ‘뻔’했던 슈퍼 히로인 영화…영화 ‘슈퍼걸’,,,,0.5491622090339661,0.52093106508255,0.5491622090339661,False,False,
5184286,[Movie] 영화 ‘프로텍터’…엄마 버전 72시간 ‘테이큰’,ARTICLE,2,5206409,[Movie] 영화 ‘호프’…호포항에 착륙한 크리처,,,,0.546492338180542,0.46976953744888306,0.546492338180542,False,False,
5184286,[Movie] 영화 ‘프로텍터’…엄마 버전 72시간 ‘테이큰’,ARTICLE,3,5193040,[Movie] 영화 ‘악마는 프라다를 입는다 2’…이젠 이해되는 악마 미란다,,,,0.5410516262054443,0.54558265209198,0.5410516262054443,False,False,
5184286,[Movie] 영화 ‘프로텍터’…엄마 버전 72시간 ‘테이큰’,ARTICLE,4,5175769,[Movie] 90분간의 AI 법정 쫀쫀한 스릴러물…영화 ‘노 머시: 90분’,,,,0.5296341776847839,0.5430135130882263,0.5296341776847839,False,False,
5184286,[Movie] 영화 ‘프로텍터’…엄마 버전 72시간 ‘테이큰’,ARTICLE,5,5189179,[Movie] 영화 ‘프로젝트 헤일메리’…우주 SF 영화 아닌 웃고 우는 버디무비,,,,0.527608335018158,0.46109116077423096,0.527608335018158,False,False,
5184286,[Movie] 영화 ‘프로텍터’…엄마 버전 72시간 ‘테이큰’,ENTITY,1,,,event_0027,공룡세계엑스포,EVENT,0.32099759578704834,0.3443799912929535,0.32099759578704834,,,False
5184286,[Movie] 영화 ‘프로텍터’…엄마 버전 72시간 ‘테이큰’,ENTITY,2,,,place_0020,행주산성 역사공원,PLACE,0.2783699035644531,0.28938376903533936,0.2783699035644531,,,False
5184286,[Movie] 영화 ‘프로텍터’…엄마 버전 72시간 ‘테이큰’,ENTITY,3,,,event_0029,대한민국와인축제,EVENT,0.2749405801296234,0.29755568504333496,0.2749405801296234,,,False
5184286,[Movie] 영화 ‘프로텍터’…엄마 버전 72시간 ‘테이큰’,ENTITY,4,,,place_0001,국립현대미술관,PLACE,0.27245184779167175,0.3340081572532654,0.27245184779167175,,,False
5184286,[Movie] 영화 ‘프로텍터’…엄마 버전 72시간 ‘테이큰’,ENTITY,5,,,place_0009,진해해양공원,PLACE,0.2640227675437927,0.3972261846065521,0.2640227675437927,,,False
5187302,[Tour List] 지금 아니면 못 간다…한정 개방하는 ‘비밀의 명소’,ARTICLE,1,5185881,[Tour List] 자연과 역사를 동시에 즐기자…봄 여행 두 가지 방법,,,,0.5753597021102905,0.5213207602500916,0.5753597021102905,False,False,
5187302,[Tour List] 지금 아니면 못 간다…한정 개방하는 ‘비밀의 명소’,ARTICLE,2,5193264,[Tour List] 따뜻한 5월의 여행…가족과 함께 수목원 어때요?,,,,0.5752468109130859,0.47520989179611206,0.5752468109130859,False,False,
5187302,[Tour List] 지금 아니면 못 간다…한정 개방하는 ‘비밀의 명소’,ARTICLE,3,5195386,[Tour List] 봄이 만개한 지금 여행…초록빛 숲과 붉은 장미 속에서 맞는 봄,,,,0.5700133442878723,0.5648752450942993,0.5700133442878723,False,False,
5187302,[Tour List] 지금 아니면 못 간다…한정 개방하는 ‘비밀의 명소’,ARTICLE,4,5203662,[Tour List] 미식 도시락부터 남해안 바다까지…새롭게 즐기는 지역의 매력,,,,0.5646787881851196,0.5004519820213318,0.5646787881851196,False,False,
5187302,[Tour List] 지금 아니면 못 간다…한정 개방하는 ‘비밀의 명소’,ARTICLE,5,5175566,"[남도마실] 설 명절 '잠시 쉼표'…""가족과 순천에 머물러 볼까?""",,,,0.5631058216094971,0.40449756383895874,0.5631058216094971,False,False,
5187302,[Tour List] 지금 아니면 못 간다…한정 개방하는 ‘비밀의 명소’,ENTITY,1,,,place_0007,완도수목원,PLACE,0.5811107158660889,0.38188448548316956,0.5811107158660889,,,False
5187302,[Tour List] 지금 아니면 못 간다…한정 개방하는 ‘비밀의 명소’,ENTITY,2,,,event_0027,공룡세계엑스포,EVENT,0.5133965015411377,0.36135560274124146,0.5133965015411377,,,False
5187302,[Tour List] 지금 아니면 못 간다…한정 개방하는 ‘비밀의 명소’,ENTITY,3,,,place_0020,행주산성 역사공원,PLACE,0.5067862272262573,0.3643869161605835,0.5067862272262573,,,False
5187302,[Tour List] 지금 아니면 못 간다…한정 개방하는 ‘비밀의 명소’,ENTITY,4,,,event_0026,양구 곰취축제,EVENT,0.47496724128723145,0.32978934049606323,0.47496724128723145,,,False
5187302,[Tour List] 지금 아니면 못 간다…한정 개방하는 ‘비밀의 명소’,ENTITY,5,,,event_0028,홍천강 꽁꽁축제,EVENT,0.45805084705352783,0.28281864523887634,0.45805084705352783,,,False
5189215,"[MBN이 본 공연] 20년 공백을 지운 150분의 마법, 패닉이 소환한 '우리들의 청춘'",ARTICLE,1,5204035,[MBN이 만난 에녹] 신곡과 단독 콘서트·뮤지컬까지 에녹의 '고고씽’,,,,0.5984092354774475,0.42546337842941284,0.5984092354774475,False,False,
5189215,"[MBN이 본 공연] 20년 공백을 지운 150분의 마법, 패닉이 소환한 '우리들의 청춘'",ARTICLE,2,5197497,[박기자 어디가] 재즈 레전더리와 현재 가장 핫한 아티스트가 공존했던 2026 서울재즈페스티벌,,,,0.5855488181114197,0.3059391677379608,0.5855488181114197,False,False,
5189215,"[MBN이 본 공연] 20년 공백을 지운 150분의 마법, 패닉이 소환한 '우리들의 청춘'",ARTICLE,3,5199422,[Movie] 영화 ‘와일드 씽’…‘극한직업’ 이후 무리 없이 웃은 영화,,,,0.5699558854103088,0.4212134778499603,0.5699558854103088,False,False,
5189215,"[MBN이 본 공연] 20년 공백을 지운 150분의 마법, 패닉이 소환한 '우리들의 청춘'",ARTICLE,4,5197669,"[박기자 어디가] 잔디밭과 산업 유산 사이로 흘러넘친 음악...20주년 맞은 ‘뷰민라’, 문화비축기지서 성료",,,,0.5606251358985901,0.3857724666595459,0.5606251358985901,False,False,
5189215,"[MBN이 본 공연] 20년 공백을 지운 150분의 마법, 패닉이 소환한 '우리들의 청춘'",ARTICLE,5,5197683,[Cover Story] “도심 속 가장 빠른 지겨움 탈출법” 2026 얼리 서머 뮤직 페스티벌,,,,0.5577517747879028,0.366188645362854,0.5577517747879028,False,False,
5189215,"[MBN이 본 공연] 20년 공백을 지운 150분의 마법, 패닉이 소환한 '우리들의 청춘'",ENTITY,1,,,place_0001,국립현대미술관,PLACE,0.42150765657424927,0.35382702946662903,0.42150765657424927,,,False
5189215,"[MBN이 본 공연] 20년 공백을 지운 150분의 마법, 패닉이 소환한 '우리들의 청춘'",ENTITY,2,,,place_0009,진해해양공원,PLACE,0.37164998054504395,0.2528373897075653,0.37164998054504395,,,False
5189215,"[MBN이 본 공연] 20년 공백을 지운 150분의 마법, 패닉이 소환한 '우리들의 청춘'",ENTITY,3,,,event_0031,임실N장미축제,EVENT,0.36562579870224,0.27367037534713745,0.36562579870224,,,False
5189215,"[MBN이 본 공연] 20년 공백을 지운 150분의 마법, 패닉이 소환한 '우리들의 청춘'",ENTITY,4,,,place_0010,평화누리공원,PLACE,0.3568146228790283,0.29403072595596313,0.3568146228790283,,,False
5189215,"[MBN이 본 공연] 20년 공백을 지운 150분의 마법, 패닉이 소환한 '우리들의 청춘'",ENTITY,5,,,event_0026,양구 곰취축제,EVENT,0.3494991660118103,0.27919164299964905,0.3494991660118103,,,False
5191014,[Pet] 네코노믹스의 성장세…고양이 나라 일본이 시사하는 것,ARTICLE,1,5189486,[Pet] 그들이 우리에게 오는 길…반려동물 입양과 선택지,,,,0.6774970293045044,0.46096789836883545,0.6774970293045044,False,False,
5191014,[Pet] 네코노믹스의 성장세…고양이 나라 일본이 시사하는 것,ARTICLE,2,5170665,[Pet] 업그레이드되는 반려동물 복지…‘반려동물 정책 리뉴얼’,,,,0.6602054238319397,0.48231440782546997,0.6602054238319397,False,False,
5191014,[Pet] 네코노믹스의 성장세…고양이 나라 일본이 시사하는 것,ARTICLE,3,5166613,[Pet] 고양이계의 MBTI ‘우리 집 고양이는 어떤 유형?’,,,,0.6428462266921997,0.41997432708740234,0.6428462266921997,False,False,
5191014,[Pet] 네코노믹스의 성장세…고양이 나라 일본이 시사하는 것,ARTICLE,4,5182264,"[Pet] 펫 보험의 진화…보험료, 병원에서 바로 쓴다",,,,0.6410687565803528,0.4445868730545044,0.6410687565803528,False,False,
5191014,[Pet] 네코노믹스의 성장세…고양이 나라 일본이 시사하는 것,ARTICLE,5,5185508,[Pet] 생애 주기 맞춘 밀착 케어…연령별 케어의 필요성,,,,0.6171702146530151,0.4401032328605652,0.6171702146530151,False,False,
5191014,[Pet] 네코노믹스의 성장세…고양이 나라 일본이 시사하는 것,ENTITY,1,,,place_0007,완도수목원,PLACE,0.37240102887153625,0.27369701862335205,0.37240102887153625,,,False
5191014,[Pet] 네코노믹스의 성장세…고양이 나라 일본이 시사하는 것,ENTITY,2,,,place_0009,진해해양공원,PLACE,0.35770124197006226,0.3088843524456024,0.35770124197006226,,,False
5191014,[Pet] 네코노믹스의 성장세…고양이 나라 일본이 시사하는 것,ENTITY,3,,,place_0020,행주산성 역사공원,PLACE,0.3402825891971588,0.33524367213249207,0.3402825891971588,,,False
5191014,[Pet] 네코노믹스의 성장세…고양이 나라 일본이 시사하는 것,ENTITY,4,,,place_0017,순천만국가정원,PLACE,0.33040013909339905,0.2982586622238159,0.33040013909339905,,,False
5191014,[Pet] 네코노믹스의 성장세…고양이 나라 일본이 시사하는 것,ENTITY,5,,,place_0021,오천그린광장,PLACE,0.3242705762386322,0.3209412693977356,0.3242705762386322,,,False
5192813,"[Music] 신곡 ‘딜리버리(Delivery)’ 발매한 소란, 도파민 제로 공연 연다",ARTICLE,1,5169919,"[Music] 바다, 정통 발라드 ‘소란스런 이별’로 돌아오다",,,,0.5706521272659302,0.4893760681152344,0.5706521272659302,False,False,
5192813,"[Music] 신곡 ‘딜리버리(Delivery)’ 발매한 소란, 도파민 제로 공연 연다",ARTICLE,2,5209433,[김도열의 AI 시대 문화 오디세이] ②수노(Suno) 이후의 음악 산업의 변화,,,,0.517958402633667,0.3416973352432251,0.517958402633667,False,False,
5192813,"[Music] 신곡 ‘딜리버리(Delivery)’ 발매한 소란, 도파민 제로 공연 연다",ARTICLE,3,5193267,[Health Recipe] 도파민은 억울하다…‘진짜 도파민’으로 채우는 찐~행복,,,,0.5143739581108093,0.47462761402130127,0.5143739581108093,False,False,
5192813,"[Music] 신곡 ‘딜리버리(Delivery)’ 발매한 소란, 도파민 제로 공연 연다",ARTICLE,4,5197683,[Cover Story] “도심 속 가장 빠른 지겨움 탈출법” 2026 얼리 서머 뮤직 페스티벌,,,,0.5063208937644958,0.4018827974796295,0.5063208937644958,False,False,
5192813,"[Music] 신곡 ‘딜리버리(Delivery)’ 발매한 소란, 도파민 제로 공연 연다",ARTICLE,5,5194258,"[Music]쏜애플, EP [서울병] 10주년 기념 바이닐 발매&HYNN(박혜원), 신곡 ‘주인공 연습’ 발매",,,,0.4972360134124756,0.44052624702453613,0.4972360134124756,False,False,
5192813,"[Music] 신곡 ‘딜리버리(Delivery)’ 발매한 소란, 도파민 제로 공연 연다",ENTITY,1,,,place_0021,오천그린광장,PLACE,0.3702087104320526,0.30020397901535034,0.3702087104320526,,,False
5192813,"[Music] 신곡 ‘딜리버리(Delivery)’ 발매한 소란, 도파민 제로 공연 연다",ENTITY,2,,,place_0014,모아시,PLACE,0.3463800251483917,0.2698695659637451,0.3463800251483917,,,False
5192813,"[Music] 신곡 ‘딜리버리(Delivery)’ 발매한 소란, 도파민 제로 공연 연다",ENTITY,3,,,place_0022,헌화로,PLACE,0.3369121849536896,0.30578145384788513,0.3369121849536896,,,False
5192813,"[Music] 신곡 ‘딜리버리(Delivery)’ 발매한 소란, 도파민 제로 공연 연다",ENTITY,4,,,place_0013,국제갤러리,PLACE,0.33410489559173584,0.2661060690879822,0.33410489559173584,,,False
5192813,"[Music] 신곡 ‘딜리버리(Delivery)’ 발매한 소란, 도파민 제로 공연 연다",ENTITY,5,,,place_0001,국립현대미술관,PLACE,0.3290420472621918,0.33762162923812866,0.3290420472621918,,,False
5195162,"[Travel News] 체험형 멀티 데스티네이션 허브, 마카오(Macao)",ARTICLE,1,5177376,[Travel NEws] 마카오에서 즐기는 시티 라이프,,,,0.7024056315422058,0.6695947647094727,0.7024056315422058,False,False,
5195162,"[Travel News] 체험형 멀티 데스티네이션 허브, 마카오(Macao)",ARTICLE,2,5174440,[Trend] 2026 여행 트렌드...오로지 ‘나’라는 주체에 집중하는 여행,,,,0.6934437155723572,0.39108148217201233,0.6934437155723572,False,False,
5195162,"[Travel News] 체험형 멀티 데스티네이션 허브, 마카오(Macao)",ARTICLE,3,5189785,[Interview] “2028년까지 방한 관광객 3000만 명 데려온다” 제일기획 출신 한국관광공사 박성혁 사장,,,,0.6595732569694519,0.32151249051094055,0.6595732569694519,False,False,
5195162,"[Travel News] 체험형 멀티 데스티네이션 허브, 마카오(Macao)",ARTICLE,4,5206800,[Cover Story] ‘팬덤 관광’ ‘팬캉스’...K-팝 월드 투어가 바꾼 여행 지형,,,,0.6480623483657837,0.392997145652771,0.6480623483657837,False,False,
5195162,"[Travel News] 체험형 멀티 데스티네이션 허브, 마카오(Macao)",ARTICLE,5,5190680,"[Trend] 가족이지만 취향은 달라…‘숙박’ 넘어 ‘경험’으로, “가정의 달, Z세대가 주도하는 체험형 가족 여행 뜬다”",,,,0.6293182969093323,0.43702128529548645,0.6293182969093323,False,False,
5195162,"[Travel News] 체험형 멀티 데스티네이션 허브, 마카오(Macao)",ENTITY,1,,,place_0007,완도수목원,PLACE,0.4938511252403259,0.34494149684906006,0.4938511252403259,,,False
5195162,"[Travel News] 체험형 멀티 데스티네이션 허브, 마카오(Macao)",ENTITY,2,,,place_0009,진해해양공원,PLACE,0.47428715229034424,0.4732562303543091,0.47428715229034424,,,False
5195162,"[Travel News] 체험형 멀티 데스티네이션 허브, 마카오(Macao)",ENTITY,3,,,place_0001,국립현대미술관,PLACE,0.42349347472190857,0.3104555010795593,0.42349347472190857,,,False
5195162,"[Travel News] 체험형 멀티 데스티네이션 허브, 마카오(Macao)",ENTITY,4,,,place_0025,빙하미술관,PLACE,0.4127906560897827,0.36772680282592773,0.4127906560897827,,,False
5195162,"[Travel News] 체험형 멀티 데스티네이션 허브, 마카오(Macao)",ENTITY,5,,,place_0014,모아시,PLACE,0.3996279835700989,0.4004266560077667,0.3996279835700989,,,False
5197683,[Cover Story] “도심 속 가장 빠른 지겨움 탈출법” 2026 얼리 서머 뮤직 페스티벌,ARTICLE,1,5197669,"[박기자 어디가] 잔디밭과 산업 유산 사이로 흘러넘친 음악...20주년 맞은 ‘뷰민라’, 문화비축기지서 성료",,,,0.7027586698532104,0.3436245024204254,0.7027586698532104,False,False,
5197683,[Cover Story] “도심 속 가장 빠른 지겨움 탈출법” 2026 얼리 서머 뮤직 페스티벌,ARTICLE,2,5197497,[박기자 어디가] 재즈 레전더리와 현재 가장 핫한 아티스트가 공존했던 2026 서울재즈페스티벌,,,,0.6356934309005737,0.4675196409225464,0.6356934309005737,False,False,
5197683,[Cover Story] “도심 속 가장 빠른 지겨움 탈출법” 2026 얼리 서머 뮤직 페스티벌,ARTICLE,3,5168612,"[박기자 어디가] Nature Destination, 만다이 레인포레스트 리조트",,,,0.6254256963729858,0.35832154750823975,0.6254256963729858,False,False,
5197683,[Cover Story] “도심 속 가장 빠른 지겨움 탈출법” 2026 얼리 서머 뮤직 페스티벌,ARTICLE,4,5183193,[뉴스추적] 광화문에서 다시 'K-POP 왕의 귀환',,,,0.622840166091919,0.35387784242630005,0.622840166091919,False,False,
5197683,[Cover Story] “도심 속 가장 빠른 지겨움 탈출법” 2026 얼리 서머 뮤직 페스티벌,ARTICLE,5,5169921,[Cover Story] 젠지가 시간을 보내는 방법...극장 대신 야구장·팝업스토어 가는 Z세대,,,,0.6042656898498535,0.4722655415534973,0.6042656898498535,False,False,
5197683,[Cover Story] “도심 속 가장 빠른 지겨움 탈출법” 2026 얼리 서머 뮤직 페스티벌,ENTITY,1,,,place_0007,완도수목원,PLACE,0.4749522805213928,0.35096704959869385,0.4749522805213928,,,False
5197683,[Cover Story] “도심 속 가장 빠른 지겨움 탈출법” 2026 얼리 서머 뮤직 페스티벌,ENTITY,2,,,place_0009,진해해양공원,PLACE,0.4617922902107239,0.4054795801639557,0.4617922902107239,,,False
5197683,[Cover Story] “도심 속 가장 빠른 지겨움 탈출법” 2026 얼리 서머 뮤직 페스티벌,ENTITY,3,,,place_0001,국립현대미술관,PLACE,0.43832772970199585,0.367305725812912,0.43832772970199585,,,False
5197683,[Cover Story] “도심 속 가장 빠른 지겨움 탈출법” 2026 얼리 서머 뮤직 페스티벌,ENTITY,4,,,event_0031,임실N장미축제,EVENT,0.4111890494823456,0.3612614870071411,0.4111890494823456,,,False
5197683,[Cover Story] “도심 속 가장 빠른 지겨움 탈출법” 2026 얼리 서머 뮤직 페스티벌,ENTITY,5,,,place_0020,행주산성 역사공원,PLACE,0.4044303297996521,0.31876489520072937,0.4044303297996521,,,False
5199886,[Cine Interview] 농약 같은 중독성 ‘최성곤’…영화 ‘와일드 씽’으로 돌아온 오정세의 맑눈광 매력,ARTICLE,1,5199422,[Movie] 영화 ‘와일드 씽’…‘극한직업’ 이후 무리 없이 웃은 영화,,,,0.7673357725143433,0.597994327545166,0.7673357725143433,False,False,
5199886,[Cine Interview] 농약 같은 중독성 ‘최성곤’…영화 ‘와일드 씽’으로 돌아온 오정세의 맑눈광 매력,ARTICLE,2,5180557,[Movie] 스케일과 서사 ‘감다살’ 애니...영화 ‘너자2’,,,,0.5601033568382263,0.3760465979576111,0.5601033568382263,False,False,
5199886,[Cine Interview] 농약 같은 중독성 ‘최성곤’…영화 ‘와일드 씽’으로 돌아온 오정세의 맑눈광 매력,ARTICLE,3,5197669,"[박기자 어디가] 잔디밭과 산업 유산 사이로 흘러넘친 음악...20주년 맞은 ‘뷰민라’, 문화비축기지서 성료",,,,0.5510679483413696,0.33125054836273193,0.5510679483413696,False,False,
5199886,[Cine Interview] 농약 같은 중독성 ‘최성곤’…영화 ‘와일드 씽’으로 돌아온 오정세의 맑눈광 매력,ARTICLE,4,5173483,[Movie] 레이첼 맥아담스의 직장 스플래터물...영화 ‘직장상사 길들이기’,,,,0.5504075288772583,0.3566884994506836,0.5504075288772583,False,False,
5199886,[Cine Interview] 농약 같은 중독성 ‘최성곤’…영화 ‘와일드 씽’으로 돌아온 오정세의 맑눈광 매력,ARTICLE,5,5197683,[Cover Story] “도심 속 가장 빠른 지겨움 탈출법” 2026 얼리 서머 뮤직 페스티벌,,,,0.549293577671051,0.39516884088516235,0.549293577671051,False,False,
5199886,[Cine Interview] 농약 같은 중독성 ‘최성곤’…영화 ‘와일드 씽’으로 돌아온 오정세의 맑눈광 매력,ENTITY,1,,,place_0021,오천그린광장,PLACE,0.3882926106452942,0.35685601830482483,0.3882926106452942,,,False
5199886,[Cine Interview] 농약 같은 중독성 ‘최성곤’…영화 ‘와일드 씽’으로 돌아온 오정세의 맑눈광 매력,ENTITY,2,,,event_0027,공룡세계엑스포,EVENT,0.3557147979736328,0.31285566091537476,0.3557147979736328,,,False
5199886,[Cine Interview] 농약 같은 중독성 ‘최성곤’…영화 ‘와일드 씽’으로 돌아온 오정세의 맑눈광 매력,ENTITY,3,,,event_0030,울산옹기축제,EVENT,0.3352928161621094,0.28582197427749634,0.3352928161621094,,,False
5199886,[Cine Interview] 농약 같은 중독성 ‘최성곤’…영화 ‘와일드 씽’으로 돌아온 오정세의 맑눈광 매력,ENTITY,4,,,event_0026,양구 곰취축제,EVENT,0.3256707787513733,0.3037528395652771,0.3256707787513733,,,False
5199886,[Cine Interview] 농약 같은 중독성 ‘최성곤’…영화 ‘와일드 씽’으로 돌아온 오정세의 맑눈광 매력,ENTITY,5,,,place_0007,완도수목원,PLACE,0.3247266411781311,0.31423965096473694,0.3247266411781311,,,False
5201675,[Style] 지금 시작하는 보디케어,ARTICLE,1,5170668,[Style] More Shampooing…“뿌리 탄탄 볼륨 업!”,,,,0.6558629274368286,0.5414595603942871,0.6558629274368286,False,False,
5201675,[Style] 지금 시작하는 보디케어,ARTICLE,2,5181055,[Style] 세럼에 대한 우리의 기대 Looking for Perfect Serum,,,,0.6285149455070496,0.5562724471092224,0.6285149455070496,False,False,
5201675,[Style] 지금 시작하는 보디케어,ARTICLE,3,5192616,[Style] Shower & Bath Item…미세먼지 개운하게 싹싹,,,,0.6266838908195496,0.5232722759246826,0.6266838908195496,False,False,
5201675,[Style] 지금 시작하는 보디케어,ARTICLE,4,5188717,[Style] 탄탄 촉촉한 ‘화잘먹’ 아이템…환절기 베이스 끝판왕들,,,,0.6226207613945007,0.5232270359992981,0.6226207613945007,False,False,
5201675,[Style] 지금 시작하는 보디케어,ARTICLE,5,5179816,[Style] 겨울에서 봄으로 환절기 클렌징...Gentle & Softly Cleansing,,,,0.617618978023529,0.5650367140769958,0.617618978023529,False,False,
5201675,[Style] 지금 시작하는 보디케어,ENTITY,1,,,place_0009,진해해양공원,PLACE,0.40741461515426636,0.38331156969070435,0.40741461515426636,,,False
5201675,[Style] 지금 시작하는 보디케어,ENTITY,2,,,place_0016,주문진항,PLACE,0.39885562658309937,0.4205068349838257,0.39885562658309937,,,False
5201675,[Style] 지금 시작하는 보디케어,ENTITY,3,,,place_0021,오천그린광장,PLACE,0.39228931069374084,0.3323271870613098,0.39228931069374084,,,False
5201675,[Style] 지금 시작하는 보디케어,ENTITY,4,,,place_0014,모아시,PLACE,0.39013341069221497,0.4289003312587738,0.39013341069221497,,,False
5201675,[Style] 지금 시작하는 보디케어,ENTITY,5,,,place_0010,평화누리공원,PLACE,0.38899919390678406,0.3593171536922455,0.38899919390678406,,,False
5203971,"[Movie] 영화 ‘신사: 악귀의 속삭임’…높아진 K-오컬트, 아쉬운 호러 장르",ARTICLE,1,5167628,[Movie] 평범을 비범으로 만든 흑백 미장센...영화 ‘굿 포 낫씽’,,,,0.5713505744934082,0.4485929608345032,0.5713505744934082,False,False,
5203971,"[Movie] 영화 ‘신사: 악귀의 속삭임’…높아진 K-오컬트, 아쉬운 호러 장르",ARTICLE,2,5170849,[Movie] 초능력자지만 사랑은 하고 싶어...영화 ‘나만의 비밀’,,,,0.5645180940628052,0.4470256268978119,0.5645180940628052,False,False,
5203971,"[Movie] 영화 ‘신사: 악귀의 속삭임’…높아진 K-오컬트, 아쉬운 호러 장르",ARTICLE,3,5206409,[Movie] 영화 ‘호프’…호포항에 착륙한 크리처,,,,0.5632246136665344,0.4677659869194031,0.5632246136665344,False,False,
5203971,"[Movie] 영화 ‘신사: 악귀의 속삭임’…높아진 K-오컬트, 아쉬운 호러 장르",ARTICLE,4,5173483,[Movie] 레이첼 맥아담스의 직장 스플래터물...영화 ‘직장상사 길들이기’,,,,0.5542361736297607,0.48614993691444397,0.5542361736297607,False,False,
5203971,"[Movie] 영화 ‘신사: 악귀의 속삭임’…높아진 K-오컬트, 아쉬운 호러 장르",ARTICLE,5,5172540,[Movie] 꿈 같은 여행 특별해진 나날…영화 ‘여행과 나날’,,,,0.5466461181640625,0.4209526777267456,0.5466461181640625,False,False,
5203971,"[Movie] 영화 ‘신사: 악귀의 속삭임’…높아진 K-오컬트, 아쉬운 호러 장르",ENTITY,1,,,place_0020,행주산성 역사공원,PLACE,0.3547934293746948,0.31959667801856995,0.3547934293746948,,,False
5203971,"[Movie] 영화 ‘신사: 악귀의 속삭임’…높아진 K-오컬트, 아쉬운 호러 장르",ENTITY,2,,,place_0001,국립현대미술관,PLACE,0.34911423921585083,0.34284839034080505,0.34911423921585083,,,False
5203971,"[Movie] 영화 ‘신사: 악귀의 속삭임’…높아진 K-오컬트, 아쉬운 호러 장르",ENTITY,3,,,place_0012,선교장,PLACE,0.33483922481536865,0.4660515785217285,0.33483922481536865,,,False
5203971,"[Movie] 영화 ‘신사: 악귀의 속삭임’…높아진 K-오컬트, 아쉬운 호러 장르",ENTITY,4,,,event_0027,공룡세계엑스포,EVENT,0.3135988116264343,0.25277164578437805,0.3135988116264343,,,False
5203971,"[Movie] 영화 ‘신사: 악귀의 속삭임’…높아진 K-오컬트, 아쉬운 호러 장르",ENTITY,5,,,place_0005,삼사해상공원,PLACE,0.3080924153327942,0.36233794689178467,0.3080924153327942,,,False
5206657,[Issue Pick] 점점 열돔에 갇히는 지구…‘에어컨 설치’가 대선 공약이 되다!,ARTICLE,1,5210190,"[AI 기상캐스터] 서울, 첫 폭염중대경보… '서울 38℃'…서쪽 소나기",,,,0.6589690446853638,0.426030695438385,0.6589690446853638,False,False,
5206657,[Issue Pick] 점점 열돔에 갇히는 지구…‘에어컨 설치’가 대선 공약이 되다!,ARTICLE,2,5200771,[AI기상캐스터] 수도권 올해 첫 폭염특보..오늘 밤부터 전국 많은 비,,,,0.6226212978363037,0.4494052231311798,0.6226212978363037,False,False,
5206657,[Issue Pick] 점점 열돔에 갇히는 지구…‘에어컨 설치’가 대선 공약이 되다!,ARTICLE,3,5210310,[Health Recipe] 더위가 재난인 시대…폭염 시 생존법칙 ‘야외 활동’ 전면 중단해야,,,,0.6215882301330566,0.49300840497016907,0.6215882301330566,False,False,
5206657,[Issue Pick] 점점 열돔에 갇히는 지구…‘에어컨 설치’가 대선 공약이 되다!,ARTICLE,4,5209481,"[AI기상캐스터]전국적 극심한 폭염,열대야...경남 중심 폭염중대경보",,,,0.6162285208702087,0.4359208643436432,0.6162285208702087,False,False,
5206657,[Issue Pick] 점점 열돔에 갇히는 지구…‘에어컨 설치’가 대선 공약이 되다!,ARTICLE,5,5200114,[AI기상캐스터] 당분간 낮 더위 서울 33도…곳곳 소나기,,,,0.6093608736991882,0.41779443621635437,0.6093608736991882,False,False,
5206657,[Issue Pick] 점점 열돔에 갇히는 지구…‘에어컨 설치’가 대선 공약이 되다!,ENTITY,1,,,place_0024,국립등대박물관,PLACE,0.3985261917114258,0.32033997774124146,0.3985261917114258,,,False
5206657,[Issue Pick] 점점 열돔에 갇히는 지구…‘에어컨 설치’가 대선 공약이 되다!,ENTITY,2,,,event_0029,대한민국와인축제,EVENT,0.3854740858078003,0.2781940698623657,0.3854740858078003,,,False
5206657,[Issue Pick] 점점 열돔에 갇히는 지구…‘에어컨 설치’가 대선 공약이 되다!,ENTITY,3,,,place_0001,국립현대미술관,PLACE,0.37578916549682617,0.37235647439956665,0.37578916549682617,,,False
5206657,[Issue Pick] 점점 열돔에 갇히는 지구…‘에어컨 설치’가 대선 공약이 되다!,ENTITY,4,,,place_0009,진해해양공원,PLACE,0.36108502745628357,0.3997485935688019,0.36108502745628357,,,False
5206657,[Issue Pick] 점점 열돔에 갇히는 지구…‘에어컨 설치’가 대선 공약이 되다!,ENTITY,5,,,place_0021,오천그린광장,PLACE,0.3570686876773834,0.366969496011734,0.3570686876773834,,,False
5208149,[Travel] 담배와 비녀를 내어놓던 마음…느리게 흘러가는 강변의 하루 대구 달성 여행,ARTICLE,1,5203807,[Travel] 지리산 둘레길을 걸으며…내 안의 지리산을 맞이하다,,,,0.5929580330848694,0.4890457093715668,0.5929580330848694,False,False,
5208149,[Travel] 담배와 비녀를 내어놓던 마음…느리게 흘러가는 강변의 하루 대구 달성 여행,ARTICLE,2,5196469,[Travel] 춘향의 마을에서 보낸 봄날…전북 남원 여행,,,,0.570184051990509,0.48278433084487915,0.570184051990509,False,False,
5208149,[Travel] 담배와 비녀를 내어놓던 마음…느리게 흘러가는 강변의 하루 대구 달성 여행,ARTICLE,3,5187304,"[Travel] 섬진강을 따라, 봄의 한가운데로 ‘곡성~구례~하동’으로 이어지는 봄 여행",,,,0.5674216151237488,0.4485607147216797,0.5674216151237488,False,False,
5208149,[Travel] 담배와 비녀를 내어놓던 마음…느리게 흘러가는 강변의 하루 대구 달성 여행,ARTICLE,4,5169289,"[Travel] 인생은 끝없이 파도를 만드는 일과 같아서...겨울의 계절감, 경북 영덕 여행",,,,0.5537135601043701,0.49483296275138855,0.5537135601043701,False,False,
5208149,[Travel] 담배와 비녀를 내어놓던 마음…느리게 흘러가는 강변의 하루 대구 달성 여행,ARTICLE,5,5206796,"[Travel] 켜켜이 쌓인 시간의 섬, 강화도…전등사 처마 아래 매미 소리를 듣다",,,,0.5498161911964417,0.43556055426597595,0.5498161911964417,False,False,
5208149,[Travel] 담배와 비녀를 내어놓던 마음…느리게 흘러가는 강변의 하루 대구 달성 여행,ENTITY,1,,,place_0011,인흥마을,PLACE,0.586334228515625,0.3901643455028534,0.586334228515625,,,True
5208149,[Travel] 담배와 비녀를 내어놓던 마음…느리게 흘러가는 강변의 하루 대구 달성 여행,ENTITY,2,,,place_0020,행주산성 역사공원,PLACE,0.4674304723739624,0.402653306722641,0.4674304723739624,,,False
5208149,[Travel] 담배와 비녀를 내어놓던 마음…느리게 흘러가는 강변의 하루 대구 달성 여행,ENTITY,3,,,place_0007,완도수목원,PLACE,0.46391046047210693,0.370336651802063,0.46391046047210693,,,False
5208149,[Travel] 담배와 비녀를 내어놓던 마음…느리게 흘러가는 강변의 하루 대구 달성 여행,ENTITY,4,,,place_0009,진해해양공원,PLACE,0.4459833800792694,0.42908820509910583,0.4459833800792694,,,False
5208149,[Travel] 담배와 비녀를 내어놓던 마음…느리게 흘러가는 강변의 하루 대구 달성 여행,ENTITY,5,,,event_0027,공룡세계엑스포,EVENT,0.4250028133392334,0.34020382165908813,0.4250028133392334,,,False
5210942,[AI기상캐스터]'입추'에도 서울 폭염 절정 한낮39도…주말 동해안 중심 비,ARTICLE,1,5200114,[AI기상캐스터] 당분간 낮 더위 서울 33도…곳곳 소나기,,,,0.8475468754768372,0.6390767097473145,0.8475468754768372,False,False,
5210942,[AI기상캐스터]'입추'에도 서울 폭염 절정 한낮39도…주말 동해안 중심 비,ARTICLE,2,5202109,"[AI기상캐스터] 서쪽 중심 낮 더위, 서울29도...오후 한때 동쪽 소나기",,,,0.8363588452339172,0.6802043914794922,0.8363588452339172,False,False,
5210942,[AI기상캐스터]'입추'에도 서울 폭염 절정 한낮39도…주말 동해안 중심 비,ARTICLE,3,5210190,"[AI 기상캐스터] 서울, 첫 폭염중대경보… '서울 38℃'…서쪽 소나기",,,,0.8323048949241638,0.6501361131668091,0.8323048949241638,False,False,
5210942,[AI기상캐스터]'입추'에도 서울 폭염 절정 한낮39도…주말 동해안 중심 비,ARTICLE,4,5208709,"[AI기상캐스터] 전국적 극심한 폭염,열대야... 중부중심 소나기",,,,0.8239340782165527,0.6354987621307373,0.8239340782165527,False,False,
5210942,[AI기상캐스터]'입추'에도 서울 폭염 절정 한낮39도…주말 동해안 중심 비,ARTICLE,5,5202864,"[AI기상캐스터] 오늘(화) 수도권·충청 폭염특보, 오후 내륙 소나기",,,,0.8184432983398438,0.6152655482292175,0.8184432983398438,False,False,
5210942,[AI기상캐스터]'입추'에도 서울 폭염 절정 한낮39도…주말 동해안 중심 비,ENTITY,1,,,place_0024,국립등대박물관,PLACE,0.41604235768318176,0.3496686816215515,0.41604235768318176,,,False
5210942,[AI기상캐스터]'입추'에도 서울 폭염 절정 한낮39도…주말 동해안 중심 비,ENTITY,2,,,event_0026,양구 곰취축제,EVENT,0.3784629702568054,0.3277239203453064,0.3784629702568054,,,False
5210942,[AI기상캐스터]'입추'에도 서울 폭염 절정 한낮39도…주말 동해안 중심 비,ENTITY,3,,,place_0007,완도수목원,PLACE,0.3725796043872833,0.3753594756126404,0.3725796043872833,,,False
5210942,[AI기상캐스터]'입추'에도 서울 폭염 절정 한낮39도…주말 동해안 중심 비,ENTITY,4,,,place_0023,거제 저도,PLACE,0.37144219875335693,0.36706632375717163,0.37144219875335693,,,False
5210942,[AI기상캐스터]'입추'에도 서울 폭염 절정 한낮39도…주말 동해안 중심 비,ENTITY,5,,,event_0029,대한민국와인축제,EVENT,0.3694095015525818,0.30451399087905884,0.3694095015525818,,,False
