articleId,attemptNumber,url,httpStatus,ok,errorType,errorMessage,elapsedSeconds
5210942,1,https://www.mbn.co.kr/news/life/5210942,200,True,,,0.1283076270010497
5210752,1,https://www.mbn.co.kr/news/life/5210752,200,True,,,0.37756484700003057
5210310,1,https://www.mbn.co.kr/news/life/5210310,200,True,,,0.09336083699963638
5210190,1,https://www.mbn.co.kr/news/life/5210190,200,True,,,0.3093100969999796
5209482,1,https://www.mbn.co.kr/news/life/5209482,200,True,,,0.2937339340005565
5209481,1,https://www.mbn.co.kr/news/life/5209481,200,True,,,0.10304056599852629
5208757,1,https://www.mbn.co.kr/news/life/5208757,200,True,,,0.09841320099985751
5208709,1,https://www.mbn.co.kr/news/life/5208709,200,True,,,0.27625043599982746
5208065,1,https://www.mbn.co.kr/news/life/5208065,200,True,,,0.33887892399980046
5208062,1,https://www.mbn.co.kr/news/life/5208062,200,True,,,0.29779343100017286
5207975,1,https://www.mbn.co.kr/news/life/5207975,200,True,,,0.36980289300117875
5207814,1,https://www.mbn.co.kr/news/life/5207814,200,True,,,0.3699883389999741
5206420,1,https://www.mbn.co.kr/news/life/5206420,200,True,,,0.13202145399918663
5205882,1,https://www.mbn.co.kr/news/life/5205882,200,True,,,0.3036820010001975
5205833,1,https://www.mbn.co.kr/news/life/5205833,200,True,,,0.3401810260002094
5205161,1,https://www.mbn.co.kr/news/life/5205161,200,True,,,0.32932071200048085
5204104,1,https://www.mbn.co.kr/news/life/5204104,200,True,,,0.35755320099997334
5203626,1,https://www.mbn.co.kr/news/life/5203626,200,True,,,0.15294484799960628
5203141,1,https://www.mbn.co.kr/news/life/5203141,200,True,,,0.35774616500020784
5202864,1,https://www.mbn.co.kr/news/life/5202864,200,True,,,0.11999972999910824
5202639,1,https://www.mbn.co.kr/news/life/5202639,200,True,,,0.14084888199977286
5202638,1,https://www.mbn.co.kr/news/life/5202638,200,True,,,0.4004971790000127
5202109,1,https://www.mbn.co.kr/news/life/5202109,200,True,,,0.30886057400130085
5201675,1,https://www.mbn.co.kr/news/life/5201675,200,True,,,0.391057152999565
5201400,1,https://www.mbn.co.kr/news/life/5201400,200,True,,,0.37338491800073825
5201217,1,https://www.mbn.co.kr/news/life/5201217,200,True,,,0.4860296240003663
5200771,1,https://www.mbn.co.kr/news/life/5200771,200,True,,,0.21635116700053914
5200560,1,https://www.mbn.co.kr/news/life/5200560,200,True,,,0.6887147149991506
5200114,1,https://www.mbn.co.kr/news/life/5200114,200,True,,,0.31263122699965606
5199888,1,https://www.mbn.co.kr/news/life/5199888,200,True,,,0.574725116000991
5199420,1,https://www.mbn.co.kr/news/life/5199420,200,True,,,1.129746108999825
5198755,1,https://www.mbn.co.kr/news/life/5198755,200,True,,,0.0734038380014681
5197490,1,https://www.mbn.co.kr/news/life/5197490,200,True,,,0.36272463599925686
5195384,1,https://www.mbn.co.kr/news/life/5195384,200,True,,,0.3236600690015621
5194716,1,https://www.mbn.co.kr/news/life/5194716,200,True,,,0.41452278200085857
5194018,1,https://www.mbn.co.kr/news/life/5194018,200,True,,,0.2893493470000976
5194011,1,https://www.mbn.co.kr/news/life/5194011,200,True,,,0.30687260199920274
5193267,1,https://www.mbn.co.kr/news/life/5193267,200,True,,,0.3555829590004578
5193172,1,https://www.mbn.co.kr/news/life/5193172,200,True,,,0.33771720900040236
5192642,1,https://www.mbn.co.kr/news/life/5192642,200,True,,,0.08668486700116773
5192616,1,https://www.mbn.co.kr/news/life/5192616,200,True,,,0.31881552199956786
5192118,1,https://www.mbn.co.kr/news/life/5192118,200,True,,,0.11322231899976032
5192116,1,https://www.mbn.co.kr/news/life/5192116,200,True,,,0.09059554700070294
5191019,1,https://www.mbn.co.kr/news/life/5191019,200,True,,,0.3373347630003991
5191017,1,https://www.mbn.co.kr/news/life/5191017,200,True,,,0.3080527689999144
5190776,1,https://www.mbn.co.kr/news/life/5190776,200,True,,,0.10068312300063553
5190612,1,https://www.mbn.co.kr/news/life/5190612,200,True,,,0.07964215200081526
5190603,1,https://www.mbn.co.kr/news/life/5190603,200,True,,,0.3365040560001944
5189489,1,https://www.mbn.co.kr/news/life/5189489,200,True,,,0.31138018399906287
5189487,1,https://www.mbn.co.kr/news/life/5189487,200,True,,,0.09829390999948373
5189229,1,https://www.mbn.co.kr/news/life/5189229,200,True,,,0.09274864700091712
5188717,1,https://www.mbn.co.kr/news/life/5188717,200,True,,,0.10489654000048176
5188716,1,https://www.mbn.co.kr/news/life/5188716,200,True,,,0.10702102399955038
5188051,1,https://www.mbn.co.kr/news/life/5188051,200,True,,,0.09071764899999835
5187832,1,https://www.mbn.co.kr/news/life/5187832,200,True,,,0.38962837899998704
5187792,1,https://www.mbn.co.kr/news/life/5187792,200,True,,,0.33302504800121824
5187391,1,https://www.mbn.co.kr/news/life/5187391,200,True,,,0.36955805599973246
5185506,1,https://www.mbn.co.kr/news/life/5185506,200,True,,,0.30918221100000665
5184969,1,https://www.mbn.co.kr/news/life/5184969,200,True,,,0.30181512299895985
5184957,1,https://www.mbn.co.kr/news/life/5184957,200,True,,,0.3200641430012183
5183745,1,https://www.mbn.co.kr/news/life/5183745,200,True,,,0.3340145729998767
5183734,1,https://www.mbn.co.kr/news/life/5183734,200,True,,,1.371100888998626
5183457,1,https://www.mbn.co.kr/news/life/5183457,200,True,,,0.3589353340012167
5182962,1,https://www.mbn.co.kr/news/life/5182962,200,True,,,0.3115296189989749
5182961,1,https://www.mbn.co.kr/news/life/5182961,200,True,,,0.37441981800111535
5182265,1,https://www.mbn.co.kr/news/life/5182265,200,True,,,0.3454636100013886
5182010,1,https://www.mbn.co.kr/news/life/5182010,200,True,,,0.14392578499973752
5181540,1,https://www.mbn.co.kr/news/life/5181540,200,True,,,0.08962008399976185
5181537,1,https://www.mbn.co.kr/news/life/5181537,200,True,,,0.30279921700093837
5181055,1,https://www.mbn.co.kr/news/life/5181055,200,True,,,0.09056349599995883
5181054,1,https://www.mbn.co.kr/news/life/5181054,200,True,,,1.1245165580003231
5180592,1,https://www.mbn.co.kr/news/life/5180592,200,True,,,0.08972355200057791
5180085,1,https://www.mbn.co.kr/news/life/5180085,200,True,,,0.10623359399869514
5179816,1,https://www.mbn.co.kr/news/life/5179816,200,True,,,0.3334369069998502
5179275,1,https://www.mbn.co.kr/news/life/5179275,200,True,,,0.4229060659999959
5179259,1,https://www.mbn.co.kr/news/life/5179259,200,True,,,0.4232297459984693
5176581,1,https://www.mbn.co.kr/news/life/5176581,200,True,,,0.4041230299990275
5175561,1,https://www.mbn.co.kr/news/life/5175561,200,True,,,0.26908631499827607
5175560,1,https://www.mbn.co.kr/news/life/5175560,200,True,,,0.29848744999981136
5175290,1,https://www.mbn.co.kr/news/life/5175290,200,True,,,0.22452392000013788
5174978,1,https://www.mbn.co.kr/news/life/5174978,200,True,,,0.23567631699916092
5174699,1,https://www.mbn.co.kr/news/life/5174699,200,True,,,0.40571783899940783
5173422,1,https://www.mbn.co.kr/news/life/5173422,200,True,,,1.0107943499988323
5173421,1,https://www.mbn.co.kr/news/life/5173421,200,True,,,0.2809019119995355
5173416,1,https://www.mbn.co.kr/news/life/5173416,200,True,,,0.15743254800145223
5172539,1,https://www.mbn.co.kr/news/life/5172539,200,True,,,0.32441468099932536
5171749,1,https://www.mbn.co.kr/news/life/5171749,200,True,,,0.11842290799904731
5171735,1,https://www.mbn.co.kr/news/life/5171735,200,True,,,0.31572976099960215
5171442,1,https://www.mbn.co.kr/news/life/5171442,200,True,,,0.07090191999850504
5171436,1,https://www.mbn.co.kr/news/life/5171436,200,True,,,0.3365708539986372
5170846,1,https://www.mbn.co.kr/news/life/5170846,200,True,,,0.30765699700168625
5170668,1,https://www.mbn.co.kr/news/life/5170668,200,True,,,0.32792604599853803
5170666,1,https://www.mbn.co.kr/news/life/5170666,200,True,,,0.11542978800025594
5169288,1,https://www.mbn.co.kr/news/life/5169288,200,True,,,0.3407830289997946
5168534,1,https://www.mbn.co.kr/news/life/5168534,200,True,,,0.3433335909994639
5168194,1,https://www.mbn.co.kr/news/life/5168194,200,True,,,0.33100503999958164
5168190,1,https://www.mbn.co.kr/news/life/5168190,200,True,,,0.09075586699873384
5167637,1,https://www.mbn.co.kr/news/life/5167637,200,True,,,0.31968927399975655
5167208,1,https://www.mbn.co.kr/news/life/5167208,200,True,,,1.6385486720009794
5166117,1,https://www.mbn.co.kr/news/life/5166117,200,True,,,0.3387682569991739
5166010,1,https://www.mbn.co.kr/news/life/5166010,200,True,,,0.3614227070011111
