articleId,publishedAt,raw_label,raw_label_count,rawTitle,url
5209482,2026-07-31 14:30:00,Find Dining,24,[Find Dining] 제주 여름 여행…이 세 곳은 꼭 가야 한다,https://www.mbn.co.kr/news/life/5209482
5208062,2026-07-24 17:36:00,Find Dining,24,[Find Dining] 한 입이면 더위 끝! 여름 냉(冷) 미식,https://www.mbn.co.kr/news/life/5208062
5206420,2026-07-16 18:04:00,Find Dining,24,[Find Dining] 한 잔의 경험을 선사하는 곳…‘취향을 마시는’ 칵테일 바,https://www.mbn.co.kr/news/life/5206420
5205161,2026-07-10 17:14:00,Find Dining,24,[Find Dining] “널 위해 예약했어” 조금은 특별한 저녁 약속,https://www.mbn.co.kr/news/life/5205161
5204104,2026-07-06 15:42:00,Find Dining,24,[Find Dining] 밤의 낭만을 채우는 공간…무드 좋은 다이닝 앤 바,https://www.mbn.co.kr/news/life/5204104
5202639,2026-06-29 11:50:00,Find Dining,24,[Find Dining] 경기도 맛집 원정대…프로 먹방러의 원정 식탁,https://www.mbn.co.kr/news/life/5202639
5201217,2026-06-22 15:06:00,Find Dining,24,[Find Dining] 코스로 즐기는 다이닝…오감을 깨우는 셰프의 환대,https://www.mbn.co.kr/news/life/5201217
5199888,2026-06-15 15:24:00,Find Dining,24,[Find Dining] 꽃 피는 남도의 식탁을 찾아서…순천의 먹트립 리스트,https://www.mbn.co.kr/news/life/5199888
5195384,2026-05-22 13:22:00,Find Dining,24,[Find Dining] 햇살을 머금은 브런치…봄날의 완벽한 점심,https://www.mbn.co.kr/news/life/5195384
5194018,2026-05-15 16:34:00,Find Dining,24,"[Find Dining] 바다 건너, 입맛 따라…강화도에서 머문 맛있는 하루",https://www.mbn.co.kr/news/life/5194018
5192642,2026-05-08 16:26:00,Find Dining,24,[Find Dining] 실패 없는 런치 가이드…3만 원대로 즐기는 고품격 코스 요리,https://www.mbn.co.kr/news/life/5192642
5192116,2026-05-06 12:02:00,Find Dining,24,"[Find Dining] 메뉴, 분위기, 가격까지 오케이! 단톡방에서 가장 환영받는 식당",https://www.mbn.co.kr/news/life/5192116
5190603,2026-04-27 16:46:00,Find Dining,24,"[Find Dining] K-만두부터 중국의 딤섬, 이탈리아의 토르텔리니까지…만두로 떠나는 미식 세계 일주",https://www.mbn.co.kr/news/life/5190603
5189229,2026-04-20 16:02:00,Find Dining,24,"[Find Dining] 몸은 가볍게, 기분은 산뜻하게! 채소를 먹는 꽤 괜찮은 방법",https://www.mbn.co.kr/news/life/5189229
5187792,2026-04-13 14:22:00,Find Dining,24,[Find Dining] 이동의 번거로움이 없는 완벽한 오후 ‘롱-스테이’ 다이닝,https://www.mbn.co.kr/news/life/5187792
5184957,2026-03-30 15:24:00,Find Dining,24,[Find Dining] 접시 위에 핀 봄…봄철 미식 정원으로의 초대,https://www.mbn.co.kr/news/life/5184957
5182961,2026-03-20 15:06:00,Find Dining,24,"[Find Dining] 이 동네, 내가 제일 잘나가…수도권 근교 맛집 넘버원",https://www.mbn.co.kr/news/life/5182961
5181540,2026-03-13 14:06:00,Find Dining,24,[Find Dining] 돼지고기가 거기서 거기? 당신의 편견을 깰 서울의 ‘돈(豚) 맛집’,https://www.mbn.co.kr/news/life/5181540
5180085,2026-03-06 16:18:00,Find Dining,24,"[Find Dining] 세대공감, 짜장면의 추억...좋은 사람과 가고픈 중식당",https://www.mbn.co.kr/news/life/5180085
5175560,2026-02-12 17:42:00,Find Dining,24,[Find Dining] 로맨틱한 밸런타인데이를 위한 선택…설렘을 채우는 미식 데이트 코스,https://www.mbn.co.kr/news/life/5175560
5173421,2026-02-03 17:18:00,Find Dining,24,[Find Dining] 제주 동네 맛집…관광객보다 현지인이 더 많은 곳은 어디?,https://www.mbn.co.kr/news/life/5173421
5171436,2026-01-26 16:44:00,Find Dining,24,[Find Dining] 한기(寒氣)를 잠재우는 힘…겨울의 정점을 버티는 보양식,https://www.mbn.co.kr/news/life/5171436
5170846,2026-01-23 11:00:00,Find Dining,24,[Find Dining] 모두 불 앞으로 모여~ 한겨울 고기 맛집,https://www.mbn.co.kr/news/life/5170846
5168194,2026-01-12 14:52:00,Find Dining,24,[Find Dining] 오붓한 대화가 있는 곳…고요함 속에서 깊어지는 이야기,https://www.mbn.co.kr/news/life/5168194
5210310,2026-08-04 19:10:00,Health Recipe,20,[Health Recipe] 더위가 재난인 시대…폭염 시 생존법칙 ‘야외 활동’ 전면 중단해야,https://www.mbn.co.kr/news/life/5210310
5208757,2026-07-28 17:04:00,Health Recipe,20,[Health Recipe] 여름 ‘숲캉스’로 초록 샤워,https://www.mbn.co.kr/news/life/5208757
5207814,2026-07-23 18:06:00,Health Recipe,20,[Health Recipe] 신발 벗는 식당이 두려운 당신…여름에 심해지는 발 냄새 잡기,https://www.mbn.co.kr/news/life/5207814
5205882,2026-07-14 16:46:00,Style,20,[Style] 한여름 태양 아래 뷰티 공약!…투명함은 살리고 유분은 덜어내자,https://www.mbn.co.kr/news/life/5205882
5203141,2026-07-01 14:02:00,Style,20,[Style] 한여름 밤의 뷰티 ‘골든아워’,https://www.mbn.co.kr/news/life/5203141
5201675,2026-06-24 15:44:00,Style,20,[Style] 지금 시작하는 보디케어,https://www.mbn.co.kr/news/life/5201675
