articleId,source,sourceArticleId,url,rawTitle,publishedAt,section,collectedAt,rawSha256,indexParserVersion,hasBracketLabel,has_bracket_label,raw_label,label_group,title_chars,title_token_count,hour,weekday,month,day_index,hour_bucket,title_length_bucket,raw_label_count
5210942,mbn,5210942,https://www.mbn.co.kr/news/life/5210942,[AI기상캐스터]'입추'에도 서울 폭염 절정 한낮39도…주말 동해안 중심 비,2026-08-07 13:04:00,life,2026-08-07T11:36:03.588875+00:00,b76ecb2a26a69bba8f963ab44b39e229802ce9ea0cda182413cedd065a123c5a,mbn_index_parser@1,True,True,AI기상캐스터,AI기상캐스터,42,11,13,금,2026-08,218,오후(12–17),중상,10
5210780,mbn,5210780,https://www.mbn.co.kr/news/life/5210780,"""달리며 탄소중립 실천""…'제12회 I LOVE 방송대 마라톤 축제' 9월 5일 개최",2026-08-06 18:43:00,life,2026-08-07T11:36:03.588875+00:00,b76ecb2a26a69bba8f963ab44b39e229802ce9ea0cda182413cedd065a123c5a,mbn_index_parser@1,False,False,,라벨 없음,47,12,18,목,2026-08,217,저녁(18–23),김,0
5210752,mbn,5210752,https://www.mbn.co.kr/news/life/5210752,[Season Item] 호텔이 여름 시즌을 준비하는 방법…올해 여름 제철 미식 트렌드는?,2026-08-06 17:14:00,life,2026-08-07T11:36:03.588875+00:00,b76ecb2a26a69bba8f963ab44b39e229802ce9ea0cda182413cedd065a123c5a,mbn_index_parser@1,True,True,Season Item,Season Item,50,12,17,목,2026-08,217,오후(12–17),김,1
5210537,mbn,5210537,https://www.mbn.co.kr/news/life/5210537,서울 내일 최고 39도…광복절까지 '찜통더위' 이어진다,2026-08-05 18:14:00,life,2026-08-07T11:36:03.588875+00:00,b76ecb2a26a69bba8f963ab44b39e229802ce9ea0cda182413cedd065a123c5a,mbn_index_parser@1,False,False,,라벨 없음,30,7,18,수,2026-08,216,저녁(18–23),짧음,0
5210368,mbn,5210368,https://www.mbn.co.kr/news/life/5210368,"고혼진리퍼블릭, ‘부산 뷰티 라운지’ 오픈...차별화된 브랜드 경험 선사",2026-08-05 09:00:00,life,2026-08-07T11:36:03.588875+00:00,b76ecb2a26a69bba8f963ab44b39e229802ce9ea0cda182413cedd065a123c5a,mbn_index_parser@1,False,False,,라벨 없음,40,9,9,수,2026-08,216,오전(6–11),중하,0
5210310,mbn,5210310,https://www.mbn.co.kr/news/life/5210310,[Health Recipe] 더위가 재난인 시대…폭염 시 생존법칙 ‘야외 활동’ 전면 중단해야,2026-08-04 19:10:00,life,2026-08-07T11:36:03.588875+00:00,b76ecb2a26a69bba8f963ab44b39e229802ce9ea0cda182413cedd065a123c5a,mbn_index_parser@1,True,True,Health Recipe,Health Recipe,52,12,19,화,2026-08,215,저녁(18–23),김,20
5210190,mbn,5210190,https://www.mbn.co.kr/news/life/5210190,"[AI 기상캐스터] 서울, 첫 폭염중대경보… '서울 38℃'…서쪽 소나기",2026-08-04 13:15:00,life,2026-08-07T11:36:03.588875+00:00,b76ecb2a26a69bba8f963ab44b39e229802ce9ea0cda182413cedd065a123c5a,mbn_index_parser@1,True,True,AI 기상캐스터,AI 기상캐스터,40,9,13,화,2026-08,215,오후(12–17),중하,1
5209505,mbn,5209505,https://www.mbn.co.kr/news/life/5209505,"뉴런, R21 러닝 워치·MBN서울마라톤 결합 패키지 출시",2026-07-31 15:13:00,life,2026-08-07T11:36:03.588875+00:00,b76ecb2a26a69bba8f963ab44b39e229802ce9ea0cda182413cedd065a123c5a,mbn_index_parser@1,False,False,,라벨 없음,32,8,15,금,2026-07,211,오후(12–17),짧음,0
5209482,mbn,5209482,https://www.mbn.co.kr/news/life/5209482,[Find Dining] 제주 여름 여행…이 세 곳은 꼭 가야 한다,2026-07-31 14:30:00,life,2026-08-07T11:36:03.588875+00:00,b76ecb2a26a69bba8f963ab44b39e229802ce9ea0cda182413cedd065a123c5a,mbn_index_parser@1,True,True,Find Dining,Find Dining,37,11,14,금,2026-07,211,오후(12–17),중하,24
5209481,mbn,5209481,https://www.mbn.co.kr/news/life/5209481,"[AI기상캐스터]전국적 극심한 폭염,열대야...경남 중심 폭염중대경보",2026-07-31 14:26:00,life,2026-08-07T11:36:03.588875+00:00,b76ecb2a26a69bba8f963ab44b39e229802ce9ea0cda182413cedd065a123c5a,mbn_index_parser@1,True,True,AI기상캐스터,AI기상캐스터,38,8,14,금,2026-07,211,오후(12–17),중하,10
5209161,mbn,5209161,https://www.mbn.co.kr/news/life/5209161,휴가철 식중독·소화불량 주의…개인위생·상비약 준비 중요,2026-07-30 10:12:00,life,2026-08-07T11:36:03.588875+00:00,b76ecb2a26a69bba8f963ab44b39e229802ce9ea0cda182413cedd065a123c5a,mbn_index_parser@1,False,False,,라벨 없음,30,8,10,목,2026-07,210,오전(6–11),짧음,0
5209030,mbn,5209030,https://www.mbn.co.kr/news/life/5209030,"부산 38.8도, 관측 122년 만에 최고기온…양산 40.3도 경신",2026-07-29 17:52:00,life,2026-08-07T11:36:03.588875+00:00,b76ecb2a26a69bba8f963ab44b39e229802ce9ea0cda182413cedd065a123c5a,mbn_index_parser@1,False,False,,라벨 없음,37,11,17,수,2026-07,209,오후(12–17),중하,0
5209032,mbn,5209032,https://www.mbn.co.kr/news/life/5209032,"2026 MBN 서울마라톤 '러너스데이' 개최…""러너 중심 대회 만든다""",2026-07-29 17:06:00,life,2026-08-07T11:36:03.588875+00:00,b76ecb2a26a69bba8f963ab44b39e229802ce9ea0cda182413cedd065a123c5a,mbn_index_parser@1,False,False,,라벨 없음,40,9,17,수,2026-07,209,오후(12–17),중하,0
5208757,mbn,5208757,https://www.mbn.co.kr/news/life/5208757,[Health Recipe] 여름 ‘숲캉스’로 초록 샤워,2026-07-28 17:04:00,life,2026-08-07T11:36:03.588875+00:00,b76ecb2a26a69bba8f963ab44b39e229802ce9ea0cda182413cedd065a123c5a,mbn_index_parser@1,True,True,Health Recipe,Health Recipe,31,7,17,화,2026-07,208,오후(12–17),짧음,20
5208709,mbn,5208709,https://www.mbn.co.kr/news/life/5208709,"[AI기상캐스터] 전국적 극심한 폭염,열대야... 중부중심 소나기",2026-07-28 14:39:00,life,2026-08-07T11:36:03.588875+00:00,b76ecb2a26a69bba8f963ab44b39e229802ce9ea0cda182413cedd065a123c5a,mbn_index_parser@1,True,True,AI기상캐스터,AI기상캐스터,36,7,14,화,2026-07,208,오후(12–17),중하,10
5208426,mbn,5208426,https://www.mbn.co.kr/news/life/5208426,"'가플지우', 포항 용한리서 해안정화…민·관·기업 손잡고 ESG 환경 가치 실천",2026-07-27 13:58:00,life,2026-08-07T11:36:03.588875+00:00,b76ecb2a26a69bba8f963ab44b39e229802ce9ea0cda182413cedd065a123c5a,mbn_index_parser@1,False,False,,라벨 없음,44,12,13,월,2026-07,207,오후(12–17),중상,0
5208065,mbn,5208065,https://www.mbn.co.kr/news/life/5208065,"[Consumer News] “명품 사러 한국 온다” 외국인 지갑 열리자, 백화점 ‘3조 시대’ 눈앞",2026-07-24 17:38:00,life,2026-08-07T11:36:03.588875+00:00,b76ecb2a26a69bba8f963ab44b39e229802ce9ea0cda182413cedd065a123c5a,mbn_index_parser@1,True,True,Consumer News,Consumer News,56,13,17,금,2026-07,204,오후(12–17),김,11
5208062,mbn,5208062,https://www.mbn.co.kr/news/life/5208062,[Find Dining] 한 입이면 더위 끝! 여름 냉(冷) 미식,2026-07-24 17:36:00,life,2026-08-07T11:36:03.588875+00:00,b76ecb2a26a69bba8f963ab44b39e229802ce9ea0cda182413cedd065a123c5a,mbn_index_parser@1,True,True,Find Dining,Find Dining,36,9,17,금,2026-07,204,오후(12–17),중하,24
5208003,mbn,5208003,https://www.mbn.co.kr/news/life/5208003,수도권과 강원 비... 전국 무더위 속 충청이남 소나기,2026-07-24 14:21:00,life,2026-08-07T11:36:03.588875+00:00,b76ecb2a26a69bba8f963ab44b39e229802ce9ea0cda182413cedd065a123c5a,mbn_index_parser@1,False,False,,라벨 없음,30,8,14,금,2026-07,204,오후(12–17),짧음,0
5207975,mbn,5207975,https://www.mbn.co.kr/news/life/5207975,[Travel Trend]여행도 베이커노믹스! 빵트레일런·빵택시·빵축제 등에 여행객 몰려,2026-07-24 11:58:00,life,2026-08-07T11:36:03.588875+00:00,b76ecb2a26a69bba8f963ab44b39e229802ce9ea0cda182413cedd065a123c5a,mbn_index_parser@1,True,True,Travel Trend,Travel Trend,49,10,11,금,2026-07,204,오전(6–11),김,1
5207814,mbn,5207814,https://www.mbn.co.kr/news/life/5207814,[Health Recipe] 신발 벗는 식당이 두려운 당신…여름에 심해지는 발 냄새 잡기,2026-07-23 18:06:00,life,2026-08-07T11:36:03.588875+00:00,b76ecb2a26a69bba8f963ab44b39e229802ce9ea0cda182413cedd065a123c5a,mbn_index_parser@1,True,True,Health Recipe,Health Recipe,49,12,18,목,2026-07,203,저녁(18–23),김,20
5207498,mbn,5207498,https://www.mbn.co.kr/news/life/5207498,“유기농인데 사용감도 좋다고?” 온 가족용 ‘데일리 마일드’ 2종 출시,2026-07-22 16:51:00,life,2026-08-07T11:36:03.588875+00:00,b76ecb2a26a69bba8f963ab44b39e229802ce9ea0cda182413cedd065a123c5a,mbn_index_parser@1,False,False,,라벨 없음,39,9,16,수,2026-07,202,오후(12–17),중하,0
5207158,mbn,5207158,https://www.mbn.co.kr/news/life/5207158,중부 강한 비…남부는 폭염,2026-07-21 13:58:00,life,2026-08-07T11:36:03.588875+00:00,b76ecb2a26a69bba8f963ab44b39e229802ce9ea0cda182413cedd065a123c5a,mbn_index_parser@1,False,False,,라벨 없음,14,5,13,화,2026-07,201,오후(12–17),짧음,0
5206420,mbn,5206420,https://www.mbn.co.kr/news/life/5206420,[Find Dining] 한 잔의 경험을 선사하는 곳…‘취향을 마시는’ 칵테일 바,2026-07-16 18:04:00,life,2026-08-07T11:36:03.588875+00:00,b76ecb2a26a69bba8f963ab44b39e229802ce9ea0cda182413cedd065a123c5a,mbn_index_parser@1,True,True,Find Dining,Find Dining,45,11,18,목,2026-07,196,저녁(18–23),중상,24
5206105,mbn,5206105,https://www.mbn.co.kr/news/life/5206105,"'나는 자연인이다'가 식탁 위로…본담, '자연인 계란' 출시",2026-07-15 14:25:00,life,2026-08-07T11:36:03.588875+00:00,b76ecb2a26a69bba8f963ab44b39e229802ce9ea0cda182413cedd065a123c5a,mbn_index_parser@1,False,False,,라벨 없음,33,9,14,수,2026-07,195,오후(12–17),짧음,0
5205882,mbn,5205882,https://www.mbn.co.kr/news/life/5205882,[Style] 한여름 태양 아래 뷰티 공약!…투명함은 살리고 유분은 덜어내자,2026-07-14 16:46:00,life,2026-08-07T11:36:03.588875+00:00,b76ecb2a26a69bba8f963ab44b39e229802ce9ea0cda182413cedd065a123c5a,mbn_index_parser@1,True,True,Style,Style,42,10,16,화,2026-07,194,오후(12–17),중상,20
5205876,mbn,5205876,https://www.mbn.co.kr/news/life/5205876,2040에 켜진 경고등…무릎까지 챙겨야 ‘오운완’ [Health Recipe],2026-07-14 16:26:00,life,2026-08-07T11:36:03.588875+00:00,b76ecb2a26a69bba8f963ab44b39e229802ce9ea0cda182413cedd065a123c5a,mbn_index_parser@1,False,False,,라벨 없음,43,8,16,화,2026-07,194,오후(12–17),중상,0
5205833,mbn,5205833,https://www.mbn.co.kr/news/life/5205833,[AI기상캐스터] 전국 강한 비바람…최대 120mm↑,2026-07-14 13:20:00,life,2026-08-07T11:36:03.588875+00:00,b76ecb2a26a69bba8f963ab44b39e229802ce9ea0cda182413cedd065a123c5a,mbn_index_parser@1,True,True,AI기상캐스터,AI기상캐스터,29,6,13,화,2026-07,194,오후(12–17),짧음,10
5205161,mbn,5205161,https://www.mbn.co.kr/news/life/5205161,[Find Dining] “널 위해 예약했어” 조금은 특별한 저녁 약속,2026-07-10 17:14:00,life,2026-08-07T11:36:03.588875+00:00,b76ecb2a26a69bba8f963ab44b39e229802ce9ea0cda182413cedd065a123c5a,mbn_index_parser@1,True,True,Find Dining,Find Dining,39,9,17,금,2026-07,190,오후(12–17),중하,24
5205066,mbn,5205066,https://www.mbn.co.kr/news/life/5205066,오후 중부 중심 소나기...장맛비 그치고 본격 폭염,2026-07-10 11:36:00,life,2026-08-07T11:36:03.588875+00:00,b76ecb2a26a69bba8f963ab44b39e229802ce9ea0cda182413cedd065a123c5a,mbn_index_parser@1,False,False,,라벨 없음,28,8,11,금,2026-07,190,오전(6–11),짧음,0
5205059,mbn,5205059,https://www.mbn.co.kr/news/life/5205059,"넷제로2050기후재단·전북일보, 탄소중립 사회 실현 위해 '맞손'",2026-07-10 11:05:00,life,2026-08-07T11:36:03.588875+00:00,b76ecb2a26a69bba8f963ab44b39e229802ce9ea0cda182413cedd065a123c5a,mbn_index_parser@1,False,False,,라벨 없음,36,7,11,금,2026-07,190,오전(6–11),중하,0
5204338,mbn,5204338,https://www.mbn.co.kr/news/life/5204338,"절기 '소서' 곳곳 폭염주의보, 무더위 속 소나기",2026-07-07 13:09:00,life,2026-08-07T11:36:03.588875+00:00,b76ecb2a26a69bba8f963ab44b39e229802ce9ea0cda182413cedd065a123c5a,mbn_index_parser@1,False,False,,라벨 없음,27,7,13,화,2026-07,187,오후(12–17),짧음,0
5204112,mbn,5204112,https://www.mbn.co.kr/news/life/5204112,숙면 위한 여름 커피 음용법…커피와 카페인 반감기 [Health Recipe],2026-07-06 15:56:00,life,2026-08-07T11:36:03.588875+00:00,b76ecb2a26a69bba8f963ab44b39e229802ce9ea0cda182413cedd065a123c5a,mbn_index_parser@1,False,False,,라벨 없음,43,10,15,월,2026-07,186,오후(12–17),중상,0
5204104,mbn,5204104,https://www.mbn.co.kr/news/life/5204104,[Find Dining] 밤의 낭만을 채우는 공간…무드 좋은 다이닝 앤 바,2026-07-06 15:42:00,life,2026-08-07T11:36:03.588875+00:00,b76ecb2a26a69bba8f963ab44b39e229802ce9ea0cda182413cedd065a123c5a,mbn_index_parser@1,True,True,Find Dining,Find Dining,41,11,15,월,2026-07,186,오후(12–17),중상,24
5203946,mbn,5203946,https://www.mbn.co.kr/news/life/5203946,"""내일 출근길 우산 챙기세요""…낮 최고 32도 무더위",2026-07-05 17:50:00,life,2026-08-07T11:36:03.588875+00:00,b76ecb2a26a69bba8f963ab44b39e229802ce9ea0cda182413cedd065a123c5a,mbn_index_parser@1,False,False,,라벨 없음,29,8,17,일,2026-07,185,오후(12–17),짧음,0
5203778,mbn,5203778,https://www.mbn.co.kr/news/life/5203778,시작되는 '늦장마'…다음주 초까지 전국에 비,2026-07-04 10:24:00,life,2026-08-07T11:36:03.588875+00:00,b76ecb2a26a69bba8f963ab44b39e229802ce9ea0cda182413cedd065a123c5a,mbn_index_parser@1,False,False,,라벨 없음,24,6,10,토,2026-07,184,오전(6–11),짧음,0
5203626,mbn,5203626,https://www.mbn.co.kr/news/life/5203626,"[AI기상캐스터] 더위 속 소나기... 주말, 다시 장마",2026-07-03 11:33:00,life,2026-08-07T11:36:03.588875+00:00,b76ecb2a26a69bba8f963ab44b39e229802ce9ea0cda182413cedd065a123c5a,mbn_index_parser@1,True,True,AI기상캐스터,AI기상캐스터,31,7,11,금,2026-07,183,오전(6–11),짧음,10
5203532,mbn,5203532,https://www.mbn.co.kr/news/life/5203532,올여름 수영복 트렌드는 '레트로&캐릭터',2026-07-03 00:38:00,life,2026-08-07T11:36:03.588875+00:00,b76ecb2a26a69bba8f963ab44b39e229802ce9ea0cda182413cedd065a123c5a,mbn_index_parser@1,False,False,,라벨 없음,22,5,0,금,2026-07,183,새벽(0–5),짧음,0
5203531,mbn,5203531,https://www.mbn.co.kr/news/life/5203531,"'어메이징크리' 에이엠씨알, '대한민국 고속성장 스타트업 50' 선정",2026-07-03 00:31:00,life,2026-08-07T11:36:03.588875+00:00,b76ecb2a26a69bba8f963ab44b39e229802ce9ea0cda182413cedd065a123c5a,mbn_index_parser@1,False,False,,라벨 없음,38,7,0,금,2026-07,183,새벽(0–5),중하,0
5203467,mbn,5203467,https://www.mbn.co.kr/news/life/5203467,9호 태풍 '바비' 발생…이동경로에 한반도 장마 달렸다,2026-07-02 17:24:00,life,2026-08-07T11:36:03.588875+00:00,b76ecb2a26a69bba8f963ab44b39e229802ce9ea0cda182413cedd065a123c5a,mbn_index_parser@1,False,False,,라벨 없음,30,8,17,목,2026-07,182,오후(12–17),짧음,0
5203261,mbn,5203261,https://www.mbn.co.kr/news/life/5203261,"다함봉사단, 외국인 근로자 대상 '따뜻한 나눔' 무료 진료 봉사 성료",2026-07-01 19:57:00,life,2026-08-07T11:36:03.588875+00:00,b76ecb2a26a69bba8f963ab44b39e229802ce9ea0cda182413cedd065a123c5a,mbn_index_parser@1,False,False,,라벨 없음,38,10,19,수,2026-07,181,저녁(18–23),중하,0
5203141,mbn,5203141,https://www.mbn.co.kr/news/life/5203141,[Style] 한여름 밤의 뷰티 ‘골든아워’,2026-07-01 14:02:00,life,2026-08-07T11:36:03.588875+00:00,b76ecb2a26a69bba8f963ab44b39e229802ce9ea0cda182413cedd065a123c5a,mbn_index_parser@1,True,True,Style,Style,24,5,14,수,2026-07,181,오후(12–17),짧음,20
5203138,mbn,5203138,https://www.mbn.co.kr/news/life/5203138,"“내게 필요한 걷기, 따로 있다” 목표 다르면 방법도 달라야 [Health Recipe]",2026-07-01 13:42:00,life,2026-08-07T11:36:03.588875+00:00,b76ecb2a26a69bba8f963ab44b39e229802ce9ea0cda182413cedd065a123c5a,mbn_index_parser@1,False,False,,라벨 없음,49,11,13,수,2026-07,181,오후(12–17),김,0
5202890,mbn,5202890,https://www.mbn.co.kr/news/life/5202890,오늘 제주 상륙하는 '지각 장마'…주말쯤 전국 확대,2026-06-30 14:07:00,life,2026-08-07T11:36:03.588875+00:00,b76ecb2a26a69bba8f963ab44b39e229802ce9ea0cda182413cedd065a123c5a,mbn_index_parser@1,False,False,,라벨 없음,28,8,14,화,2026-06,180,오후(12–17),짧음,0
5202864,mbn,5202864,https://www.mbn.co.kr/news/life/5202864,"[AI기상캐스터] 오늘(화) 수도권·충청 폭염특보, 오후 내륙 소나기",2026-06-30 11:33:00,life,2026-08-07T11:36:03.588875+00:00,b76ecb2a26a69bba8f963ab44b39e229802ce9ea0cda182413cedd065a123c5a,mbn_index_parser@1,True,True,AI기상캐스터,AI기상캐스터,38,9,11,화,2026-06,180,오전(6–11),중하,10
5202840,mbn,5202840,https://www.mbn.co.kr/news/life/5202840,"블루사이렌, 남해군민 52명과 '가플지우' 해안 정화 활동 성공적으로 마쳐",2026-06-30 09:55:00,life,2026-08-07T11:36:03.588875+00:00,b76ecb2a26a69bba8f963ab44b39e229802ce9ea0cda182413cedd065a123c5a,mbn_index_parser@1,False,False,,라벨 없음,41,9,9,화,2026-06,180,오전(6–11),중상,0
5202639,mbn,5202639,https://www.mbn.co.kr/news/life/5202639,[Find Dining] 경기도 맛집 원정대…프로 먹방러의 원정 식탁,2026-06-29 11:50:00,life,2026-08-07T11:36:03.588875+00:00,b76ecb2a26a69bba8f963ab44b39e229802ce9ea0cda182413cedd065a123c5a,mbn_index_parser@1,True,True,Find Dining,Find Dining,38,9,11,월,2026-06,179,오전(6–11),중하,24
5202638,mbn,5202638,https://www.mbn.co.kr/news/life/5202638,[Consumer News] “한국 쇼핑 저렴하네” 관광 특수 맞은 호텔·백화점 업계,2026-06-29 11:36:00,life,2026-08-07T11:36:03.588875+00:00,b76ecb2a26a69bba8f963ab44b39e229802ce9ea0cda182413cedd065a123c5a,mbn_index_parser@1,True,True,Consumer News,Consumer News,47,11,11,월,2026-06,179,오전(6–11),김,11
5202109,mbn,5202109,https://www.mbn.co.kr/news/life/5202109,"[AI기상캐스터] 서쪽 중심 낮 더위, 서울29도...오후 한때 동쪽 소나기",2026-06-26 11:34:00,life,2026-08-07T11:36:03.588875+00:00,b76ecb2a26a69bba8f963ab44b39e229802ce9ea0cda182413cedd065a123c5a,mbn_index_parser@1,True,True,AI기상캐스터,AI기상캐스터,42,10,11,금,2026-06,176,오전(6–11),중상,10
5202107,mbn,5202107,https://www.mbn.co.kr/news/life/5202107,"감독만 모르겠다는 졸전 이유?…홍명보 ""왜 이런지 당황스러워"" [포크뉴스]",2026-06-26 11:30:00,life,2026-08-07T11:36:03.588875+00:00,b76ecb2a26a69bba8f963ab44b39e229802ce9ea0cda182413cedd065a123c5a,mbn_index_parser@1,False,False,,라벨 없음,41,9,11,금,2026-06,176,오전(6–11),중상,0
5201682,mbn,5201682,https://www.mbn.co.kr/news/life/5201682,"일본은 이미 시작, 우리는?…늦어지는 올해 장마",2026-06-24 16:02:00,life,2026-08-07T11:36:03.588875+00:00,b76ecb2a26a69bba8f963ab44b39e229802ce9ea0cda182413cedd065a123c5a,mbn_index_parser@1,False,False,,라벨 없음,26,7,16,수,2026-06,174,오후(12–17),짧음,0
5201675,mbn,5201675,https://www.mbn.co.kr/news/life/5201675,[Style] 지금 시작하는 보디케어,2026-06-24 15:44:00,life,2026-08-07T11:36:03.588875+00:00,b76ecb2a26a69bba8f963ab44b39e229802ce9ea0cda182413cedd065a123c5a,mbn_index_parser@1,True,True,Style,Style,20,4,15,수,2026-06,174,오후(12–17),짧음,20
5201669,mbn,5201669,https://www.mbn.co.kr/news/life/5201669,"여름 한 끼, 수분과 영양까지! [Health Recipe]",2026-06-24 15:30:00,life,2026-08-07T11:36:03.588875+00:00,b76ecb2a26a69bba8f963ab44b39e229802ce9ea0cda182413cedd065a123c5a,mbn_index_parser@1,False,False,,라벨 없음,33,7,15,수,2026-06,174,오후(12–17),짧음,0
5201616,mbn,5201616,https://www.mbn.co.kr/news/life/5201616,"월드옥타, '2026 한·중 경제무역교류박람회' 조직위원회 공식 출범…중국 선전 개최 준비 본격화",2026-06-24 10:43:00,life,2026-08-07T11:36:03.588875+00:00,b76ecb2a26a69bba8f963ab44b39e229802ce9ea0cda182413cedd065a123c5a,mbn_index_parser@1,False,False,,라벨 없음,54,13,10,수,2026-06,174,오전(6–11),김,0
5201400,mbn,5201400,https://www.mbn.co.kr/news/life/5201400,"[AI기상캐스터] 서쪽 초여름 더위, 해안가·제주 비",2026-06-23 11:37:00,life,2026-08-07T11:36:03.588875+00:00,b76ecb2a26a69bba8f963ab44b39e229802ce9ea0cda182413cedd065a123c5a,mbn_index_parser@1,True,True,AI기상캐스터,AI기상캐스터,29,7,11,화,2026-06,173,오전(6–11),짧음,10
5201217,mbn,5201217,https://www.mbn.co.kr/news/life/5201217,[Find Dining] 코스로 즐기는 다이닝…오감을 깨우는 셰프의 환대,2026-06-22 15:06:00,life,2026-08-07T11:36:03.588875+00:00,b76ecb2a26a69bba8f963ab44b39e229802ce9ea0cda182413cedd065a123c5a,mbn_index_parser@1,True,True,Find Dining,Find Dining,40,9,15,월,2026-06,172,오후(12–17),중하,24
5200771,mbn,5200771,https://www.mbn.co.kr/news/life/5200771,[AI기상캐스터] 수도권 올해 첫 폭염특보..오늘 밤부터 전국 많은 비,2026-06-19 13:48:00,life,2026-08-07T11:36:03.588875+00:00,b76ecb2a26a69bba8f963ab44b39e229802ce9ea0cda182413cedd065a123c5a,mbn_index_parser@1,True,True,AI기상캐스터,AI기상캐스터,39,10,13,금,2026-06,169,오후(12–17),중하,10
5200742,mbn,5200742,https://www.mbn.co.kr/news/life/5200742,2026 MBN 서울마라톤 접수 시작…월요일부터 우선접수,2026-06-19 10:43:00,life,2026-08-07T11:36:03.588875+00:00,b76ecb2a26a69bba8f963ab44b39e229802ce9ea0cda182413cedd065a123c5a,mbn_index_parser@1,False,False,,라벨 없음,31,7,10,금,2026-06,169,오전(6–11),짧음,0
5200560,mbn,5200560,https://www.mbn.co.kr/news/life/5200560,"[Travel News] 유니온페이 통합 플랫폼 ‘니하오 차이나’, 한국에서 쓰던 모바일 결제 그대로 연동",2026-06-18 14:46:00,life,2026-08-07T11:36:03.588875+00:00,b76ecb2a26a69bba8f963ab44b39e229802ce9ea0cda182413cedd065a123c5a,mbn_index_parser@1,True,True,Travel News,Travel News,59,13,14,목,2026-06,168,오후(12–17),김,1
5200114,mbn,5200114,https://www.mbn.co.kr/news/life/5200114,[AI기상캐스터] 당분간 낮 더위 서울 33도…곳곳 소나기,2026-06-16 14:30:00,life,2026-08-07T11:36:03.588875+00:00,b76ecb2a26a69bba8f963ab44b39e229802ce9ea0cda182413cedd065a123c5a,mbn_index_parser@1,True,True,AI기상캐스터,AI기상캐스터,32,8,14,화,2026-06,166,오후(12–17),짧음,10
5199827,mbn,5199827,https://www.mbn.co.kr/news/life/5199827,"[반론보도] <약손명가 76개 지점 가맹점주들 ""허위 폭로·편파 방송에 브랜드 추락…생존권 위협""> 관련",2026-06-15 17:00:00,life,2026-08-07T11:36:03.588875+00:00,b76ecb2a26a69bba8f963ab44b39e229802ce9ea0cda182413cedd065a123c5a,mbn_index_parser@1,True,True,반론보도,반론보도,58,14,17,월,2026-06,165,오후(12–17),김,1
5199892,mbn,5199892,https://www.mbn.co.kr/news/life/5199892,매실로 여름 이기는 몸 만들기…초여름 매실은 보약 [Health Recipe],2026-06-15 15:32:00,life,2026-08-07T11:36:03.588875+00:00,b76ecb2a26a69bba8f963ab44b39e229802ce9ea0cda182413cedd065a123c5a,mbn_index_parser@1,False,False,,라벨 없음,43,10,15,월,2026-06,165,오후(12–17),중상,0
5199888,mbn,5199888,https://www.mbn.co.kr/news/life/5199888,[Find Dining] 꽃 피는 남도의 식탁을 찾아서…순천의 먹트립 리스트,2026-06-15 15:24:00,life,2026-08-07T11:36:03.588875+00:00,b76ecb2a26a69bba8f963ab44b39e229802ce9ea0cda182413cedd065a123c5a,mbn_index_parser@1,True,True,Find Dining,Find Dining,42,10,15,월,2026-06,165,오후(12–17),중상,24
5199420,mbn,5199420,https://www.mbn.co.kr/news/life/5199420,[Consumer News] “3시간 기다려도 마신다” 한국 MZ들 열광하는 ‘중국 밀크티’,2026-06-12 15:54:00,life,2026-08-07T11:36:03.588875+00:00,b76ecb2a26a69bba8f963ab44b39e229802ce9ea0cda182413cedd065a123c5a,mbn_index_parser@1,True,True,Consumer News,Consumer News,51,10,15,금,2026-06,162,오후(12–17),김,11
5198950,mbn,5198950,https://www.mbn.co.kr/news/life/5198950,"""바다의 변호사가 된 청소년들""…'2026 UN SDGs 영어 스피치 대회'가 남긴 의미",2026-06-10 13:38:00,life,2026-08-07T11:36:03.588875+00:00,b76ecb2a26a69bba8f963ab44b39e229802ce9ea0cda182413cedd065a123c5a,mbn_index_parser@1,False,False,,라벨 없음,49,13,13,수,2026-06,160,오후(12–17),김,0
5198755,mbn,5198755,https://www.mbn.co.kr/news/life/5198755,[Style] 멋지고 편한 ‘여름 셋업’ 공식,2026-06-09 17:00:00,life,2026-08-07T11:36:03.588875+00:00,b76ecb2a26a69bba8f963ab44b39e229802ce9ea0cda182413cedd065a123c5a,mbn_index_parser@1,True,True,Style,Style,25,6,17,화,2026-06,159,오후(12–17),짧음,20
5198752,mbn,5198752,https://www.mbn.co.kr/news/life/5198752,“세균을 마시고 있진 않나요?” 슬기로운 텀블러 생활 [Health Recipe],2026-06-09 16:48:00,life,2026-08-07T11:36:03.588875+00:00,b76ecb2a26a69bba8f963ab44b39e229802ce9ea0cda182413cedd065a123c5a,mbn_index_parser@1,False,False,,라벨 없음,45,9,16,화,2026-06,159,오후(12–17),중상,0
5198701,mbn,5198701,https://www.mbn.co.kr/news/life/5198701,"올여름 수원에서 펼쳐지는 대규모 아트페어, '2026 화랑미술제 in 수원' 개최",2026-06-09 12:49:00,life,2026-08-07T11:36:03.588875+00:00,b76ecb2a26a69bba8f963ab44b39e229802ce9ea0cda182413cedd065a123c5a,mbn_index_parser@1,False,False,,라벨 없음,45,10,12,화,2026-06,159,오후(12–17),중상,0
5198461,mbn,5198461,https://www.mbn.co.kr/news/life/5198461,"""세상에 던지는 두 지도자의 울림""…서점가 뒤흔든 박한길·조규태의 '지혜의 서적'",2026-06-09 09:00:00,life,2026-08-07T11:36:03.588875+00:00,b76ecb2a26a69bba8f963ab44b39e229802ce9ea0cda182413cedd065a123c5a,mbn_index_parser@1,False,False,,라벨 없음,45,11,9,화,2026-06,159,오전(6–11),중상,0
5198575,mbn,5198575,https://www.mbn.co.kr/news/life/5198575,"은은한 향과 달콤한 숨 고르기…디저트와 차, 그 완벽한 마리아주 [Find Dining]",2026-06-08 19:22:00,life,2026-08-07T11:36:03.588875+00:00,b76ecb2a26a69bba8f963ab44b39e229802ce9ea0cda182413cedd065a123c5a,mbn_index_parser@1,False,False,,라벨 없음,49,12,19,월,2026-06,158,저녁(18–23),김,0
5197508,mbn,5197508,https://www.mbn.co.kr/news/life/5197508,"""투표하러 가는 길 덥다""…오늘 낮 최고 32도",2026-06-03 06:21:00,life,2026-08-07T11:36:03.588875+00:00,b76ecb2a26a69bba8f963ab44b39e229802ce9ea0cda182413cedd065a123c5a,mbn_index_parser@1,False,False,,라벨 없음,26,8,6,수,2026-06,153,오전(6–11),짧음,0
5197492,mbn,5197492,https://www.mbn.co.kr/news/life/5197492,“Light Right Cream” 피부 밀도 높이는 여름 크림 [Style],2026-06-02 19:28:00,life,2026-08-07T11:36:03.588875+00:00,b76ecb2a26a69bba8f963ab44b39e229802ce9ea0cda182413cedd065a123c5a,mbn_index_parser@1,False,False,,라벨 없음,43,9,19,화,2026-06,152,저녁(18–23),중상,0
5197490,mbn,5197490,https://www.mbn.co.kr/news/life/5197490,[Health Recipe] “코르티솔 리듬에 발맞추어야” 코르티솔 바로 알면 건강이 잘 보인다,2026-06-02 19:14:00,life,2026-08-07T11:36:03.588875+00:00,b76ecb2a26a69bba8f963ab44b39e229802ce9ea0cda182413cedd065a123c5a,mbn_index_parser@1,True,True,Health Recipe,Health Recipe,53,11,19,화,2026-06,152,저녁(18–23),김,20
5196693,mbn,5196693,https://www.mbn.co.kr/news/life/5196693,“캐릭터 카드 사려고 새벽부터 줄 서”…포켓몬에 빠진 2030 키덜트족 [Consumer News],2026-05-29 16:18:00,life,2026-08-07T11:36:03.588875+00:00,b76ecb2a26a69bba8f963ab44b39e229802ce9ea0cda182413cedd065a123c5a,mbn_index_parser@1,False,False,,라벨 없음,55,12,16,금,2026-05,148,오후(12–17),김,0
5196692,mbn,5196692,https://www.mbn.co.kr/news/life/5196692,대체 누가 만든 맛이지? 셰프가 궁금해지는 식당 [Find Dining],2026-05-29 16:16:00,life,2026-08-07T11:36:03.588875+00:00,b76ecb2a26a69bba8f963ab44b39e229802ce9ea0cda182413cedd065a123c5a,mbn_index_parser@1,False,False,,라벨 없음,40,9,16,금,2026-05,148,오후(12–17),중하,0
5196005,mbn,5196005,https://www.mbn.co.kr/news/life/5196005,'고령층 단절·고립' 문제 '여가·레크리에이션'으로 해결 가능,2026-05-26 16:35:00,life,2026-08-07T11:36:03.588875+00:00,b76ecb2a26a69bba8f963ab44b39e229802ce9ea0cda182413cedd065a123c5a,mbn_index_parser@1,False,False,,라벨 없음,34,9,16,화,2026-05,145,오후(12–17),짧음,0
5196003,mbn,5196003,https://www.mbn.co.kr/news/life/5196003,감정적 식사의 대응법…기분이 식욕을 지배할 때 [Health Recipe],2026-05-26 16:14:00,life,2026-08-07T11:36:03.588875+00:00,b76ecb2a26a69bba8f963ab44b39e229802ce9ea0cda182413cedd065a123c5a,mbn_index_parser@1,False,False,,라벨 없음,41,9,16,화,2026-05,145,오후(12–17),중상,0
5195683,mbn,5195683,https://www.mbn.co.kr/news/life/5195683,연휴 마지막 날 낮 최고 30도…밤부터 내린 비 모레까지 이어져,2026-05-24 15:29:00,life,2026-08-07T11:36:03.588875+00:00,b76ecb2a26a69bba8f963ab44b39e229802ce9ea0cda182413cedd065a123c5a,mbn_index_parser@1,False,False,,라벨 없음,35,11,15,일,2026-05,143,오후(12–17),중하,0
5195502,mbn,5195502,https://www.mbn.co.kr/news/life/5195502,"셀인펙트, 세계 최대 숏폼 플랫폼 '더우인'으로부터 브랜드상 수상",2026-05-23 05:00:00,life,2026-08-07T11:36:03.588875+00:00,b76ecb2a26a69bba8f963ab44b39e229802ce9ea0cda182413cedd065a123c5a,mbn_index_parser@1,False,False,,라벨 없음,36,9,5,토,2026-05,142,새벽(0–5),중하,0
5195388,mbn,5195388,https://www.mbn.co.kr/news/life/5195388,"온병원그룹, 우즈베키스탄 '메로스국제병원'과 업무 협약 체결",2026-05-22 13:32:00,life,2026-08-07T11:36:03.588875+00:00,b76ecb2a26a69bba8f963ab44b39e229802ce9ea0cda182413cedd065a123c5a,mbn_index_parser@1,False,False,,라벨 없음,33,7,13,금,2026-05,141,오후(12–17),짧음,0
5195384,mbn,5195384,https://www.mbn.co.kr/news/life/5195384,[Find Dining] 햇살을 머금은 브런치…봄날의 완벽한 점심,2026-05-22 13:22:00,life,2026-08-07T11:36:03.588875+00:00,b76ecb2a26a69bba8f963ab44b39e229802ce9ea0cda182413cedd065a123c5a,mbn_index_parser@1,True,True,Find Dining,Find Dining,36,8,13,금,2026-05,141,오후(12–17),중하,24
5194716,mbn,5194716,https://www.mbn.co.kr/news/life/5194716,[Health Recipe] 식후 혈당 뽀개는 초간단 운동…혈당 스파이크를 막아라,2026-05-19 18:08:00,life,2026-08-07T11:36:03.588875+00:00,b76ecb2a26a69bba8f963ab44b39e229802ce9ea0cda182413cedd065a123c5a,mbn_index_parser@1,True,True,Health Recipe,Health Recipe,45,10,18,화,2026-05,138,저녁(18–23),중상,20
5194128,mbn,5194128,https://www.mbn.co.kr/news/life/5194128,"약손명가 76개 지점 가맹점주들 ""허위 폭로·편파 방송에 브랜드 추락…생존권 위협""",2026-05-16 11:10:00,life,2026-08-07T11:36:03.588875+00:00,b76ecb2a26a69bba8f963ab44b39e229802ce9ea0cda182413cedd065a123c5a,mbn_index_parser@1,False,False,,라벨 없음,46,12,11,토,2026-05,135,오전(6–11),김,0
5194018,mbn,5194018,https://www.mbn.co.kr/news/life/5194018,"[Find Dining] 바다 건너, 입맛 따라…강화도에서 머문 맛있는 하루",2026-05-15 16:34:00,life,2026-08-07T11:36:03.588875+00:00,b76ecb2a26a69bba8f963ab44b39e229802ce9ea0cda182413cedd065a123c5a,mbn_index_parser@1,True,True,Find Dining,Find Dining,42,10,16,금,2026-05,134,오후(12–17),중상,24
5194011,mbn,5194011,https://www.mbn.co.kr/news/life/5194011,"[Style] 천천히, 거꾸로 본연의 상태로…Reverse Aging Care",2026-05-15 16:12:00,life,2026-08-07T11:36:03.588875+00:00,b76ecb2a26a69bba8f963ab44b39e229802ce9ea0cda182413cedd065a123c5a,mbn_index_parser@1,True,True,Style,Style,43,8,16,금,2026-05,134,오후(12–17),중상,20
5193563,mbn,5193563,https://www.mbn.co.kr/news/life/5193563,"""벌써 여름?"" 내일 낮 최고 '31도'까지 오른다",2026-05-13 17:50:00,life,2026-08-07T11:36:03.588875+00:00,b76ecb2a26a69bba8f963ab44b39e229802ce9ea0cda182413cedd065a123c5a,mbn_index_parser@1,False,False,,라벨 없음,28,8,17,수,2026-05,132,오후(12–17),짧음,0
5193267,mbn,5193267,https://www.mbn.co.kr/news/life/5193267,[Health Recipe] 도파민은 억울하다…‘진짜 도파민’으로 채우는 찐~행복,2026-05-12 12:56:00,life,2026-08-07T11:36:03.588875+00:00,b76ecb2a26a69bba8f963ab44b39e229802ce9ea0cda182413cedd065a123c5a,mbn_index_parser@1,True,True,Health Recipe,Health Recipe,45,10,12,화,2026-05,131,오후(12–17),중상,20
5193172,mbn,5193172,https://www.mbn.co.kr/news/life/5193172,[Hotel News] 동대문에서 니스로 떠나는 망고 미식 여행,2026-05-12 00:58:00,life,2026-08-07T11:36:03.588875+00:00,b76ecb2a26a69bba8f963ab44b39e229802ce9ea0cda182413cedd065a123c5a,mbn_index_parser@1,True,True,Hotel News,Hotel News,35,8,0,화,2026-05,131,새벽(0–5),중하,1
5192642,mbn,5192642,https://www.mbn.co.kr/news/life/5192642,[Find Dining] 실패 없는 런치 가이드…3만 원대로 즐기는 고품격 코스 요리,2026-05-08 16:26:00,life,2026-08-07T11:36:03.588875+00:00,b76ecb2a26a69bba8f963ab44b39e229802ce9ea0cda182413cedd065a123c5a,mbn_index_parser@1,True,True,Find Dining,Find Dining,47,12,16,금,2026-05,127,오후(12–17),김,24
5192616,mbn,5192616,https://www.mbn.co.kr/news/life/5192616,[Style] Shower & Bath Item…미세먼지 개운하게 싹싹,2026-05-08 14:26:00,life,2026-08-07T11:36:03.588875+00:00,b76ecb2a26a69bba8f963ab44b39e229802ce9ea0cda182413cedd065a123c5a,mbn_index_parser@1,True,True,Style,Style,39,7,14,금,2026-05,127,오후(12–17),중하,20
5192394,mbn,5192394,https://www.mbn.co.kr/news/life/5192394,"모바일어플라이언스, 엠투웬티와 '시니어 케어' 글로벌 공략",2026-05-07 16:13:00,life,2026-08-07T11:36:03.588875+00:00,b76ecb2a26a69bba8f963ab44b39e229802ce9ea0cda182413cedd065a123c5a,mbn_index_parser@1,False,False,,라벨 없음,32,6,16,목,2026-05,126,오후(12–17),짧음,0
5192118,mbn,5192118,https://www.mbn.co.kr/news/life/5192118,[Health Recipe] 땅이 좋아야 나무 잘 자라듯…두피 건강을 위한 실천 방법,2026-05-06 12:10:00,life,2026-08-07T11:36:03.588875+00:00,b76ecb2a26a69bba8f963ab44b39e229802ce9ea0cda182413cedd065a123c5a,mbn_index_parser@1,True,True,Health Recipe,Health Recipe,47,12,12,수,2026-05,125,오후(12–17),김,20
5192116,mbn,5192116,https://www.mbn.co.kr/news/life/5192116,"[Find Dining] 메뉴, 분위기, 가격까지 오케이! 단톡방에서 가장 환영받는 식당",2026-05-06 12:02:00,life,2026-08-07T11:36:03.588875+00:00,b76ecb2a26a69bba8f963ab44b39e229802ce9ea0cda182413cedd065a123c5a,mbn_index_parser@1,True,True,Find Dining,Find Dining,49,10,12,수,2026-05,125,오후(12–17),김,24
5191702,mbn,5191702,https://www.mbn.co.kr/news/life/5191702,"""가정이 희망이다""…저출생 시대, '참가정 운동' 눈길",2026-05-04 08:52:00,life,2026-08-07T11:36:03.588875+00:00,b76ecb2a26a69bba8f963ab44b39e229802ce9ea0cda182413cedd065a123c5a,mbn_index_parser@1,False,False,,라벨 없음,30,7,8,월,2026-05,123,오전(6–11),짧음,0
5191452,mbn,5191452,https://www.mbn.co.kr/news/life/5191452,"""주택 세제, 어떻게 바뀔까?""…한국조세연구포럼, 9일 춘계학술대회 개최",2026-05-02 09:55:00,life,2026-08-07T11:36:03.588875+00:00,b76ecb2a26a69bba8f963ab44b39e229802ce9ea0cda182413cedd065a123c5a,mbn_index_parser@1,False,False,,라벨 없음,40,8,9,토,2026-05,121,오전(6–11),중하,0
5191399,mbn,5191399,https://www.mbn.co.kr/news/life/5191399,"신정환, 엑셀방송 MC 논란…""가족이 힘든 것보다 나아"" 토로",2026-05-01 14:37:00,life,2026-08-07T11:36:03.588875+00:00,b76ecb2a26a69bba8f963ab44b39e229802ce9ea0cda182413cedd065a123c5a,mbn_index_parser@1,False,False,,라벨 없음,34,9,14,금,2026-05,120,오후(12–17),짧음,0
5191019,mbn,5191019,https://www.mbn.co.kr/news/life/5191019,[Style] Men’s Bag Collection…코스모폴리탄을 위한 가방 컬렉션,2026-04-29 15:48:00,life,2026-08-07T11:36:03.588875+00:00,b76ecb2a26a69bba8f963ab44b39e229802ce9ea0cda182413cedd065a123c5a,mbn_index_parser@1,True,True,Style,Style,46,9,15,수,2026-04,118,오후(12–17),김,20
5191017,mbn,5191017,https://www.mbn.co.kr/news/life/5191017,[Health Recipe] 젊음의 비결 ‘색깔’에 있다…세포 건강 지키는 컬러 푸드,2026-04-29 15:44:00,life,2026-08-07T11:36:03.588875+00:00,b76ecb2a26a69bba8f963ab44b39e229802ce9ea0cda182413cedd065a123c5a,mbn_index_parser@1,True,True,Health Recipe,Health Recipe,47,12,15,수,2026-04,118,오후(12–17),김,20
5190776,mbn,5190776,https://www.mbn.co.kr/news/life/5190776,"[Issue Pick] 2030세대, ‘대장내시경 검사’는 선택 아닌 필수?",2026-04-28 13:20:00,life,2026-08-07T11:36:03.588875+00:00,b76ecb2a26a69bba8f963ab44b39e229802ce9ea0cda182413cedd065a123c5a,mbn_index_parser@1,True,True,Issue Pick,Issue Pick,42,9,13,화,2026-04,117,오후(12–17),중상,2
5190612,mbn,5190612,https://www.mbn.co.kr/news/life/5190612,[Consumer News] “햄버거도 미식으로” 셰프 손잡고 고급화 나선 프랜차이즈,2026-04-27 17:28:00,life,2026-08-07T11:36:03.588875+00:00,b76ecb2a26a69bba8f963ab44b39e229802ce9ea0cda182413cedd065a123c5a,mbn_index_parser@1,True,True,Consumer News,Consumer News,47,9,17,월,2026-04,116,오후(12–17),김,11
5190603,mbn,5190603,https://www.mbn.co.kr/news/life/5190603,"[Find Dining] K-만두부터 중국의 딤섬, 이탈리아의 토르텔리니까지…만두로 떠나는 미식 세계 일주",2026-04-27 16:46:00,life,2026-08-07T11:36:03.588875+00:00,b76ecb2a26a69bba8f963ab44b39e229802ce9ea0cda182413cedd065a123c5a,mbn_index_parser@1,True,True,Find Dining,Find Dining,59,13,16,월,2026-04,116,오후(12–17),김,24
5190139,mbn,5190139,https://www.mbn.co.kr/news/life/5190139,"""먹지 말고 환불 받으세요""…삼립 '통팥도라야끼'서 식중독균 검출",2026-04-24 14:24:00,life,2026-08-07T11:36:03.588875+00:00,b76ecb2a26a69bba8f963ab44b39e229802ce9ea0cda182413cedd065a123c5a,mbn_index_parser@1,False,False,,라벨 없음,36,9,14,금,2026-04,113,오후(12–17),중하,0
5189959,mbn,5189959,https://www.mbn.co.kr/news/life/5189959,"""이제 뱅킹 앱 누르지 마세요, 말만 하세요""…웹케시, '에이전트 뱅킹' 시대 선언",2026-04-23 17:24:00,life,2026-08-07T11:36:03.588875+00:00,b76ecb2a26a69bba8f963ab44b39e229802ce9ea0cda182413cedd065a123c5a,mbn_index_parser@1,False,False,,라벨 없음,46,12,17,목,2026-04,112,오후(12–17),김,0
5189886,mbn,5189886,https://www.mbn.co.kr/news/life/5189886,"김원희·박현빈, MBN '건강 동창회-괜찮아? 괜찮아!' MC 확정",2026-04-23 11:20:00,life,2026-08-07T11:36:03.588875+00:00,b76ecb2a26a69bba8f963ab44b39e229802ce9ea0cda182413cedd065a123c5a,mbn_index_parser@1,False,False,,라벨 없음,37,9,11,목,2026-04,112,오전(6–11),중하,0
5189710,mbn,5189710,https://www.mbn.co.kr/news/life/5189710,"에버켐텍, 'MBN 선셋마라톤'에 바이오매스 친환경 봉투 공급",2026-04-22 17:17:00,life,2026-08-07T11:36:03.588875+00:00,b76ecb2a26a69bba8f963ab44b39e229802ce9ea0cda182413cedd065a123c5a,mbn_index_parser@1,False,False,,라벨 없음,34,8,17,수,2026-04,111,오후(12–17),짧음,0
5189706,mbn,5189706,https://www.mbn.co.kr/news/life/5189706,"에이스바이옴 '아나파랙틴', MBN 선셋마라톤 공식 협찬 성료",2026-04-22 16:58:00,life,2026-08-07T11:36:03.588875+00:00,b76ecb2a26a69bba8f963ab44b39e229802ce9ea0cda182413cedd065a123c5a,mbn_index_parser@1,False,False,,라벨 없음,34,7,16,수,2026-04,111,오후(12–17),짧음,0
5189705,mbn,5189705,https://www.mbn.co.kr/news/life/5189705,"머거본, 1만 러너와 만났다…'MBN 선셋마라톤'서 영양 간편식 제안",2026-04-22 16:54:00,life,2026-08-07T11:36:03.588875+00:00,b76ecb2a26a69bba8f963ab44b39e229802ce9ea0cda182413cedd065a123c5a,mbn_index_parser@1,False,False,,라벨 없음,38,10,16,수,2026-04,111,오후(12–17),중하,0
5189489,mbn,5189489,https://www.mbn.co.kr/news/life/5189489,[Style] Wake up to Brighter Skin…환절기 스킨케어 킥 아이템,2026-04-21 17:04:00,life,2026-08-07T11:36:03.588875+00:00,b76ecb2a26a69bba8f963ab44b39e229802ce9ea0cda182413cedd065a123c5a,mbn_index_parser@1,True,True,Style,Style,47,10,17,화,2026-04,110,오후(12–17),김,20
5189487,mbn,5189487,https://www.mbn.co.kr/news/life/5189487,[Health Recipe] 기도 근육 운동으로 코골이 관리하기,2026-04-21 16:52:00,life,2026-08-07T11:36:03.588875+00:00,b76ecb2a26a69bba8f963ab44b39e229802ce9ea0cda182413cedd065a123c5a,mbn_index_parser@1,True,True,Health Recipe,Health Recipe,35,7,16,화,2026-04,110,오후(12–17),중하,20
5189229,mbn,5189229,https://www.mbn.co.kr/news/life/5189229,"[Find Dining] 몸은 가볍게, 기분은 산뜻하게! 채소를 먹는 꽤 괜찮은 방법",2026-04-20 16:02:00,life,2026-08-07T11:36:03.588875+00:00,b76ecb2a26a69bba8f963ab44b39e229802ce9ea0cda182413cedd065a123c5a,mbn_index_parser@1,True,True,Find Dining,Find Dining,47,11,16,월,2026-04,109,오후(12–17),김,24
5188801,mbn,5188801,https://www.mbn.co.kr/news/life/5188801,"황교익, '보은 인사' 논란에도…문화관광연구원장 임명",2026-04-17 17:41:00,life,2026-08-07T11:36:03.588875+00:00,b76ecb2a26a69bba8f963ab44b39e229802ce9ea0cda182413cedd065a123c5a,mbn_index_parser@1,False,False,,라벨 없음,29,6,17,금,2026-04,106,오후(12–17),짧음,0
5188717,mbn,5188717,https://www.mbn.co.kr/news/life/5188717,[Style] 탄탄 촉촉한 ‘화잘먹’ 아이템…환절기 베이스 끝판왕들,2026-04-17 11:22:00,life,2026-08-07T11:36:03.588875+00:00,b76ecb2a26a69bba8f963ab44b39e229802ce9ea0cda182413cedd065a123c5a,mbn_index_parser@1,True,True,Style,Style,37,8,11,금,2026-04,106,오전(6–11),중하,20
5188716,mbn,5188716,https://www.mbn.co.kr/news/life/5188716,[Consumer News] “잘 자는 게 곧 건강”…숙면 보조용품 인기라는데,2026-04-17 11:22:00,life,2026-08-07T11:36:03.588875+00:00,b76ecb2a26a69bba8f963ab44b39e229802ce9ea0cda182413cedd065a123c5a,mbn_index_parser@1,True,True,Consumer News,Consumer News,43,10,11,금,2026-04,106,오전(6–11),중상,11
5188479,mbn,5188479,https://www.mbn.co.kr/news/life/5188479,"하루틴, 'MBN 선셋마라톤' 달군 '리포좀 부스터샷'",2026-04-16 10:33:00,life,2026-08-07T11:36:03.588875+00:00,b76ecb2a26a69bba8f963ab44b39e229802ce9ea0cda182413cedd065a123c5a,mbn_index_parser@1,False,False,,라벨 없음,30,6,10,목,2026-04,105,오전(6–11),짧음,0
5188051,mbn,5188051,https://www.mbn.co.kr/news/life/5188051,[Health Recipe] 건강의 적 커피 믹스?! 참지 말고 ‘스마트하게’ 마시자,2026-04-14 15:08:00,life,2026-08-07T11:36:03.588875+00:00,b76ecb2a26a69bba8f963ab44b39e229802ce9ea0cda182413cedd065a123c5a,mbn_index_parser@1,True,True,Health Recipe,Health Recipe,47,10,15,화,2026-04,103,오후(12–17),김,20
5187855,mbn,5187855,https://www.mbn.co.kr/news/life/5187855,"""4월인데 벌써?""…내일도 한낮 28도 '초여름 더위'",2026-04-13 17:29:00,life,2026-08-07T11:36:03.588875+00:00,b76ecb2a26a69bba8f963ab44b39e229802ce9ea0cda182413cedd065a123c5a,mbn_index_parser@1,False,False,,라벨 없음,30,7,17,월,2026-04,102,오후(12–17),짧음,0
5187832,mbn,5187832,https://www.mbn.co.kr/news/life/5187832,"[진료는 의사에게] 소화력 저하, 알고 보니 '유전성 폴립 증후군'?",2026-04-13 16:26:00,life,2026-08-07T11:36:03.588875+00:00,b76ecb2a26a69bba8f963ab44b39e229802ce9ea0cda182413cedd065a123c5a,mbn_index_parser@1,True,True,진료는 의사에게,진료는 의사에게,38,9,16,월,2026-04,102,오후(12–17),중하,1
5187792,mbn,5187792,https://www.mbn.co.kr/news/life/5187792,[Find Dining] 이동의 번거로움이 없는 완벽한 오후 ‘롱-스테이’ 다이닝,2026-04-13 14:22:00,life,2026-08-07T11:36:03.588875+00:00,b76ecb2a26a69bba8f963ab44b39e229802ce9ea0cda182413cedd065a123c5a,mbn_index_parser@1,True,True,Find Dining,Find Dining,45,10,14,월,2026-04,102,오후(12–17),중상,24
5187391,mbn,5187391,https://www.mbn.co.kr/news/life/5187391,"[MBN이 본 신간] 삶과 죽음의 경계에서 길어 올린 경이로운 서사…'ICU, 희망의 기록' 출간",2026-04-10 18:59:00,life,2026-08-07T11:36:03.588875+00:00,b76ecb2a26a69bba8f963ab44b39e229802ce9ea0cda182413cedd065a123c5a,mbn_index_parser@1,True,True,MBN이 본 신간,MBN이 본 신간,54,14,18,금,2026-04,99,저녁(18–23),김,1
5187338,mbn,5187338,https://www.mbn.co.kr/news/life/5187338,"""더 쾌적하고 가깝게""…2026 MBN 선셋마라톤 운영 시스템 혁신",2026-04-10 15:15:00,life,2026-08-07T11:36:03.588875+00:00,b76ecb2a26a69bba8f963ab44b39e229802ce9ea0cda182413cedd065a123c5a,mbn_index_parser@1,False,False,,라벨 없음,37,9,15,금,2026-04,99,오후(12–17),중하,0
5186880,mbn,5186880,https://www.mbn.co.kr/news/life/5186880,"환기도 소용없다…""전자담배 연기 벽지에 붙어 간접흡연""",2026-04-08 15:17:00,life,2026-08-07T11:36:03.588875+00:00,b76ecb2a26a69bba8f963ab44b39e229802ce9ea0cda182413cedd065a123c5a,mbn_index_parser@1,False,False,,라벨 없음,30,7,15,수,2026-04,97,오후(12–17),짧음,0
5186841,mbn,5186841,https://www.mbn.co.kr/news/life/5186841,“공기 넣었더니 다르네”…100만 잔 팔린 ‘에어 커피’ 비결 [Consumer News],2026-04-08 11:32:00,life,2026-08-07T11:36:03.588875+00:00,b76ecb2a26a69bba8f963ab44b39e229802ce9ea0cda182413cedd065a123c5a,mbn_index_parser@1,False,False,,라벨 없음,50,11,11,수,2026-04,97,오전(6–11),김,0
5186447,mbn,5186447,https://www.mbn.co.kr/news/life/5186447,"""출근길 겨울옷 꺼낼까""…내일 아침 영하권 추위",2026-04-06 17:44:00,life,2026-08-07T11:36:03.588875+00:00,b76ecb2a26a69bba8f963ab44b39e229802ce9ea0cda182413cedd065a123c5a,mbn_index_parser@1,False,False,,라벨 없음,26,7,17,월,2026-04,95,오후(12–17),짧음,0
5185506,mbn,5185506,https://www.mbn.co.kr/news/life/5185506,[Health Recipe] 활기찬 하루 여는 1분 부스터...제자리 점프의 효과,2026-04-01 17:48:00,life,2026-08-07T11:36:03.588875+00:00,b76ecb2a26a69bba8f963ab44b39e229802ce9ea0cda182413cedd065a123c5a,mbn_index_parser@1,True,True,Health Recipe,Health Recipe,45,10,17,수,2026-04,90,오후(12–17),중상,20
5184969,mbn,5184969,https://www.mbn.co.kr/news/life/5184969,[Style] Just One More Piece…작고 반짝이는 특별한 데일리템,2026-03-30 15:42:00,life,2026-08-07T11:36:03.588875+00:00,b76ecb2a26a69bba8f963ab44b39e229802ce9ea0cda182413cedd065a123c5a,mbn_index_parser@1,True,True,Style,Style,44,9,15,월,2026-03,88,오후(12–17),중상,20
5184957,mbn,5184957,https://www.mbn.co.kr/news/life/5184957,[Find Dining] 접시 위에 핀 봄…봄철 미식 정원으로의 초대,2026-03-30 15:24:00,life,2026-08-07T11:36:03.588875+00:00,b76ecb2a26a69bba8f963ab44b39e229802ce9ea0cda182413cedd065a123c5a,mbn_index_parser@1,True,True,Find Dining,Find Dining,38,10,15,월,2026-03,88,오후(12–17),중하,24
5184924,mbn,5184924,https://www.mbn.co.kr/news/life/5184924,지역 의료 붕괴 막는다…복지부 '의료질 평가 지원금 제도' 개선 추진,2026-03-30 13:11:00,life,2026-08-07T11:36:03.588875+00:00,b76ecb2a26a69bba8f963ab44b39e229802ce9ea0cda182413cedd065a123c5a,mbn_index_parser@1,False,False,,라벨 없음,38,11,13,월,2026-03,88,오후(12–17),중하,0
5184248,mbn,5184248,https://www.mbn.co.kr/news/life/5184248,"아일릿 원희, 글로벌 헤어 브랜드 '피노' 앰버서더 발탁…""찰랑이는 머릿결이 자신감의 비결""",2026-03-26 16:00:00,life,2026-08-07T11:36:03.588875+00:00,b76ecb2a26a69bba8f963ab44b39e229802ce9ea0cda182413cedd065a123c5a,mbn_index_parser@1,False,False,,라벨 없음,51,12,16,목,2026-03,84,오후(12–17),김,0
5184234,mbn,5184234,https://www.mbn.co.kr/news/life/5184234,"""숨 쉬는 것이 즐거운 오피스""…클리어쉴드, 빌딩 공기 질 관리의 새로운 기준 제시",2026-03-26 15:29:00,life,2026-08-07T11:36:03.588875+00:00,b76ecb2a26a69bba8f963ab44b39e229802ce9ea0cda182413cedd065a123c5a,mbn_index_parser@1,False,False,,라벨 없음,46,13,15,목,2026-03,84,오후(12–17),김,0
5184010,mbn,5184010,https://www.mbn.co.kr/news/life/5184010,"동방메디컬, 'KIMES 2026'서 메디컬 에스테틱 토탈 솔루션 비전 제시",2026-03-25 17:23:00,life,2026-08-07T11:36:03.588875+00:00,b76ecb2a26a69bba8f963ab44b39e229802ce9ea0cda182413cedd065a123c5a,mbn_index_parser@1,False,False,,라벨 없음,42,10,17,수,2026-03,83,오후(12–17),중상,0
5183980,mbn,5183980,https://www.mbn.co.kr/news/life/5183980,"팬스타그룹, 4월 1일부터 대마도 순환버스 운행",2026-03-25 15:57:00,life,2026-08-07T11:36:03.588875+00:00,b76ecb2a26a69bba8f963ab44b39e229802ce9ea0cda182413cedd065a123c5a,mbn_index_parser@1,False,False,,라벨 없음,26,6,15,수,2026-03,83,오후(12–17),짧음,0
5183745,mbn,5183745,https://www.mbn.co.kr/news/life/5183745,[Health Recipe] 굽고 튀긴 음식 노화 앞당긴다…이름부터 무서운 ‘당 독소’,2026-03-24 16:46:00,life,2026-08-07T11:36:03.588875+00:00,b76ecb2a26a69bba8f963ab44b39e229802ce9ea0cda182413cedd065a123c5a,mbn_index_parser@1,True,True,Health Recipe,Health Recipe,48,11,16,화,2026-03,82,오후(12–17),김,20
5183734,mbn,5183734,https://www.mbn.co.kr/news/life/5183734,[Style] 나만의 뉴 니치를 찾고 있나요…Unique Fragrance,2026-03-24 16:32:00,life,2026-08-07T11:36:03.588875+00:00,b76ecb2a26a69bba8f963ab44b39e229802ce9ea0cda182413cedd065a123c5a,mbn_index_parser@1,True,True,Style,Style,41,8,16,화,2026-03,82,오후(12–17),중상,20
5183457,mbn,5183457,https://www.mbn.co.kr/news/life/5183457,"[Mind Note] 나를 보호하는, 일상을 환기시키는 ‘자기보호 행위’",2026-03-23 15:48:00,life,2026-08-07T11:36:03.588875+00:00,b76ecb2a26a69bba8f963ab44b39e229802ce9ea0cda182413cedd065a123c5a,mbn_index_parser@1,True,True,Mind Note,Mind Note,40,8,15,월,2026-03,81,오후(12–17),중하,7
5183128,mbn,5183128,https://www.mbn.co.kr/news/life/5183128,펄어비스의 야심작 '붉은사막'…평점 78점 이유는?,2026-03-21 13:22:00,life,2026-08-07T11:36:03.588875+00:00,b76ecb2a26a69bba8f963ab44b39e229802ce9ea0cda182413cedd065a123c5a,mbn_index_parser@1,False,False,,라벨 없음,28,6,13,토,2026-03,79,오후(12–17),짧음,0
5182962,mbn,5182962,https://www.mbn.co.kr/news/life/5182962,[Health Recipe] 허리 통증 부르는 나쁜 자세들…편안하지만 해롭다,2026-03-20 15:08:00,life,2026-08-07T11:36:03.588875+00:00,b76ecb2a26a69bba8f963ab44b39e229802ce9ea0cda182413cedd065a123c5a,mbn_index_parser@1,True,True,Health Recipe,Health Recipe,42,9,15,금,2026-03,78,오후(12–17),중상,20
5182961,mbn,5182961,https://www.mbn.co.kr/news/life/5182961,"[Find Dining] 이 동네, 내가 제일 잘나가…수도권 근교 맛집 넘버원",2026-03-20 15:06:00,life,2026-08-07T11:36:03.588875+00:00,b76ecb2a26a69bba8f963ab44b39e229802ce9ea0cda182413cedd065a123c5a,mbn_index_parser@1,True,True,Find Dining,Find Dining,43,11,15,금,2026-03,78,오후(12–17),중상,24
5182739,mbn,5182739,https://www.mbn.co.kr/news/life/5182739,"""전립선약 '알파차단제', 녹내장 위험 50% 높인다""",2026-03-19 15:41:00,life,2026-08-07T11:36:03.588875+00:00,b76ecb2a26a69bba8f963ab44b39e229802ce9ea0cda182413cedd065a123c5a,mbn_index_parser@1,False,False,,라벨 없음,30,6,15,목,2026-03,77,오후(12–17),짧음,0
5182265,mbn,5182265,https://www.mbn.co.kr/news/life/5182265,[Consumer News] 두쫀쿠 이어 ‘봄동’에 꽂힌 MZ세대 …‘제철 코어’ 열풍 이유는?,2026-03-17 16:00:00,life,2026-08-07T11:36:03.588875+00:00,b76ecb2a26a69bba8f963ab44b39e229802ce9ea0cda182413cedd065a123c5a,mbn_index_parser@1,True,True,Consumer News,Consumer News,53,12,16,화,2026-03,75,오후(12–17),김,11
5182010,mbn,5182010,https://www.mbn.co.kr/news/life/5182010,"[Mind Note] 작아도 약한 것이 아니다, 사소한 것의 힘",2026-03-16 15:08:00,life,2026-08-07T11:36:03.588875+00:00,b76ecb2a26a69bba8f963ab44b39e229802ce9ea0cda182413cedd065a123c5a,mbn_index_parser@1,True,True,Mind Note,Mind Note,35,9,15,월,2026-03,74,오후(12–17),중하,7
5181817,mbn,5181817,https://www.mbn.co.kr/news/life/5181817,BTS 광화문 공연 D-6…인근 31개 빌딩 통제해 '꼼수 관람' 차단,2026-03-15 15:43:00,life,2026-08-07T11:36:03.588875+00:00,b76ecb2a26a69bba8f963ab44b39e229802ce9ea0cda182413cedd065a123c5a,mbn_index_parser@1,False,False,,라벨 없음,39,12,15,일,2026-03,73,오후(12–17),중하,0
5181555,mbn,5181555,https://www.mbn.co.kr/news/life/5181555,"""내 손안의 AI 세무 비서""…웹케시·세무법인 아성, 스마트 세무 서비스",2026-03-13 15:30:00,life,2026-08-07T11:36:03.588875+00:00,b76ecb2a26a69bba8f963ab44b39e229802ce9ea0cda182413cedd065a123c5a,mbn_index_parser@1,False,False,,라벨 없음,40,11,15,금,2026-03,71,오후(12–17),중하,0
5181551,mbn,5181551,https://www.mbn.co.kr/news/life/5181551,"MBN선셋마라톤, 프리즘·인스파이어와 숙박 연계 프로모션",2026-03-13 15:11:00,life,2026-08-07T11:36:03.588875+00:00,b76ecb2a26a69bba8f963ab44b39e229802ce9ea0cda182413cedd065a123c5a,mbn_index_parser@1,False,False,,라벨 없음,31,6,15,금,2026-03,71,오후(12–17),짧음,0
5181540,mbn,5181540,https://www.mbn.co.kr/news/life/5181540,[Find Dining] 돼지고기가 거기서 거기? 당신의 편견을 깰 서울의 ‘돈(豚) 맛집’,2026-03-13 14:06:00,life,2026-08-07T11:36:03.588875+00:00,b76ecb2a26a69bba8f963ab44b39e229802ce9ea0cda182413cedd065a123c5a,mbn_index_parser@1,True,True,Find Dining,Find Dining,51,11,14,금,2026-03,71,오후(12–17),김,24
5181539,mbn,5181539,https://www.mbn.co.kr/news/life/5181539,“소비자 꽁꽁 묶어두자”…구독 강화하는 커피업계 [Consumer News],2026-03-13 14:04:00,life,2026-08-07T11:36:03.588875+00:00,b76ecb2a26a69bba8f963ab44b39e229802ce9ea0cda182413cedd065a123c5a,mbn_index_parser@1,False,False,,라벨 없음,42,8,14,금,2026-03,71,오후(12–17),중상,0
5181537,mbn,5181537,https://www.mbn.co.kr/news/life/5181537,[Style] 서둘러야 하는 봄옷 준비…Ready to Spring Item,2026-03-13 14:02:00,life,2026-08-07T11:36:03.588875+00:00,b76ecb2a26a69bba8f963ab44b39e229802ce9ea0cda182413cedd065a123c5a,mbn_index_parser@1,True,True,Style,Style,42,9,14,금,2026-03,71,오후(12–17),중상,20
5181104,mbn,5181104,https://www.mbn.co.kr/news/life/5181104,'K-김의 화려한 외출'…반찬 넘어 세계인의 디저트 된 김 초콜릿,2026-03-11 18:00:00,life,2026-08-07T11:36:03.588875+00:00,b76ecb2a26a69bba8f963ab44b39e229802ce9ea0cda182413cedd065a123c5a,mbn_index_parser@1,False,False,,라벨 없음,36,11,18,수,2026-03,69,저녁(18–23),중하,0
5181055,mbn,5181055,https://www.mbn.co.kr/news/life/5181055,[Style] 세럼에 대한 우리의 기대 Looking for Perfect Serum,2026-03-11 15:24:00,life,2026-08-07T11:36:03.588875+00:00,b76ecb2a26a69bba8f963ab44b39e229802ce9ea0cda182413cedd065a123c5a,mbn_index_parser@1,True,True,Style,Style,47,9,15,수,2026-03,69,오후(12–17),김,20
5181054,mbn,5181054,https://www.mbn.co.kr/news/life/5181054,[Health Recipe] 특정 음식 당기면 몸에 관심을! ‘이유 있는’ 식욕,2026-03-11 15:20:00,life,2026-08-07T11:36:03.588875+00:00,b76ecb2a26a69bba8f963ab44b39e229802ce9ea0cda182413cedd065a123c5a,mbn_index_parser@1,True,True,Health Recipe,Health Recipe,44,10,15,수,2026-03,69,오후(12–17),중상,20
5180592,mbn,5180592,https://www.mbn.co.kr/news/life/5180592,"[Mind Note] 올해 나의 관계 추구미…‘그래, 그럴 수 있지’라는 심리적 연민",2026-03-09 17:24:00,life,2026-08-07T11:36:03.588875+00:00,b76ecb2a26a69bba8f963ab44b39e229802ce9ea0cda182413cedd065a123c5a,mbn_index_parser@1,True,True,Mind Note,Mind Note,47,13,17,월,2026-03,67,오후(12–17),김,7
5180566,mbn,5180566,https://www.mbn.co.kr/news/life/5180566,"심정지 환자 소생률 9.2%, 부산에 40% 넘는 병원 비결은?",2026-03-09 14:52:00,life,2026-08-07T11:36:03.588875+00:00,b76ecb2a26a69bba8f963ab44b39e229802ce9ea0cda182413cedd065a123c5a,mbn_index_parser@1,False,False,,라벨 없음,35,10,14,월,2026-03,67,오후(12–17),중하,0
5180346,mbn,5180346,https://www.mbn.co.kr/news/life/5180346,"한국, 대만에 패배로 WBC 8강 적신호…호주 이겨야 8강",2026-03-08 15:46:00,life,2026-08-07T11:36:03.588875+00:00,b76ecb2a26a69bba8f963ab44b39e229802ce9ea0cda182413cedd065a123c5a,mbn_index_parser@1,False,False,,라벨 없음,32,9,15,일,2026-03,66,오후(12–17),짧음,0
5180085,mbn,5180085,https://www.mbn.co.kr/news/life/5180085,"[Find Dining] 세대공감, 짜장면의 추억...좋은 사람과 가고픈 중식당",2026-03-06 16:18:00,life,2026-08-07T11:36:03.588875+00:00,b76ecb2a26a69bba8f963ab44b39e229802ce9ea0cda182413cedd065a123c5a,mbn_index_parser@1,True,True,Find Dining,Find Dining,44,9,16,금,2026-03,64,오후(12–17),중상,24
5179888,mbn,5179888,https://www.mbn.co.kr/news/life/5179888,"'독보적 아우라' 수지, 글로벌 헤어 브랜드 '츠바키' 새 얼굴 됐다",2026-03-05 20:34:00,life,2026-08-07T11:36:03.588875+00:00,b76ecb2a26a69bba8f963ab44b39e229802ce9ea0cda182413cedd065a123c5a,mbn_index_parser@1,False,False,,라벨 없음,38,10,20,목,2026-03,63,저녁(18–23),중하,0
5179887,mbn,5179887,https://www.mbn.co.kr/news/life/5179887,"""유튜브도 등급 매겨야"" 국민 75% 한목소리…영등위, 2025 실태조사 발표",2026-03-05 20:24:00,life,2026-08-07T11:36:03.588875+00:00,b76ecb2a26a69bba8f963ab44b39e229802ce9ea0cda182413cedd065a123c5a,mbn_index_parser@1,False,False,,라벨 없음,43,10,20,목,2026-03,63,저녁(18–23),중상,0
5179816,mbn,5179816,https://www.mbn.co.kr/news/life/5179816,[Style] 겨울에서 봄으로 환절기 클렌징...Gentle & Softly Cleansing,2026-03-05 16:56:00,life,2026-08-07T11:36:03.588875+00:00,b76ecb2a26a69bba8f963ab44b39e229802ce9ea0cda182413cedd065a123c5a,mbn_index_parser@1,True,True,Style,Style,52,8,16,목,2026-03,63,오후(12–17),김,20
5179275,mbn,5179275,https://www.mbn.co.kr/news/life/5179275,[Health Recipe] 얼굴 주름은 건강 비추는 거울,2026-03-03 17:00:00,life,2026-08-07T11:36:03.588875+00:00,b76ecb2a26a69bba8f963ab44b39e229802ce9ea0cda182413cedd065a123c5a,mbn_index_parser@1,True,True,Health Recipe,Health Recipe,32,7,17,화,2026-03,61,오후(12–17),짧음,20
5179259,mbn,5179259,https://www.mbn.co.kr/news/life/5179259,[Mind Note] 빛 드는 곳에 그림자가 있듯…긍정적 이면 속에 그림자가 있는 이유,2026-03-03 16:18:00,life,2026-08-07T11:36:03.588875+00:00,b76ecb2a26a69bba8f963ab44b39e229802ce9ea0cda182413cedd065a123c5a,mbn_index_parser@1,True,True,Mind Note,Mind Note,48,13,16,화,2026-03,61,오후(12–17),김,7
5179077,mbn,5179077,https://www.mbn.co.kr/news/life/5179077,"""365일 밤 10시까지 부산 금정구 지킨다""…더케이부산병원 개원",2026-03-03 08:09:00,life,2026-08-07T11:36:03.588875+00:00,b76ecb2a26a69bba8f963ab44b39e229802ce9ea0cda182413cedd065a123c5a,mbn_index_parser@1,False,False,,라벨 없음,36,8,8,화,2026-03,61,오전(6–11),중하,0
5178694,mbn,5178694,https://www.mbn.co.kr/news/life/5178694,블랙핑크 '데드라인' 발매 첫날 146만장 판매…32개국 아이튠즈 1위,2026-02-28 11:53:00,life,2026-08-07T11:36:03.588875+00:00,b76ecb2a26a69bba8f963ab44b39e229802ce9ea0cda182413cedd065a123c5a,mbn_index_parser@1,False,False,,라벨 없음,39,9,11,토,2026-02,58,오전(6–11),중하,0
5178665,mbn,5178665,https://www.mbn.co.kr/news/life/5178665,"경복궁, 3월 BTS 광화문 공연 앞두고 휴관 소식…""26만 인파 예상""",2026-02-28 09:44:00,life,2026-08-07T11:36:03.588875+00:00,b76ecb2a26a69bba8f963ab44b39e229802ce9ea0cda182413cedd065a123c5a,mbn_index_parser@1,False,False,,라벨 없음,40,11,9,토,2026-02,58,오전(6–11),중하,0
5178612,mbn,5178612,https://www.mbn.co.kr/news/life/5178612,MBN '천하제빵' 팝업 오픈…'심사위원 홀린 그 맛' 직접 먹는다,2026-02-27 17:56:00,life,2026-08-07T11:36:03.588875+00:00,b76ecb2a26a69bba8f963ab44b39e229802ce9ea0cda182413cedd065a123c5a,mbn_index_parser@1,False,False,,라벨 없음,37,10,17,금,2026-02,57,오후(12–17),중하,0
5178477,mbn,5178477,https://www.mbn.co.kr/news/life/5178477,지금 필요한 후끈하고 칼칼한 맛…. 심신을 부스팅하는 매콤 식당들 [Find Dining],2026-02-27 10:42:00,life,2026-08-07T11:36:03.588875+00:00,b76ecb2a26a69bba8f963ab44b39e229802ce9ea0cda182413cedd065a123c5a,mbn_index_parser@1,False,False,,라벨 없음,50,11,10,금,2026-02,57,오전(6–11),김,0
5177608,mbn,5177608,https://www.mbn.co.kr/news/life/5177608,MLS 연봉 2위 손흥민…LA에서 GV80 쿠페 운전 모습 화제,2026-02-24 10:04:00,life,2026-08-07T11:36:03.588875+00:00,b76ecb2a26a69bba8f963ab44b39e229802ce9ea0cda182413cedd065a123c5a,mbn_index_parser@1,False,False,,라벨 없음,35,10,10,화,2026-02,54,오전(6–11),중하,0
5177468,mbn,5177468,https://www.mbn.co.kr/news/life/5177468,"베터핑거, '상상이 현실이 되는 식탁' 공개 [서울리빙디자인페어]",2026-02-23 18:06:00,life,2026-08-07T11:36:03.588875+00:00,b76ecb2a26a69bba8f963ab44b39e229802ce9ea0cda182413cedd065a123c5a,mbn_index_parser@1,False,False,,라벨 없음,36,7,18,월,2026-02,53,저녁(18–23),중하,0
5176947,mbn,5176947,https://www.mbn.co.kr/news/life/5176947,"데켓, 집에서도 파인다이닝…셰프의 기준을 제안하다 [서울리빙디자인페어]",2026-02-20 19:32:00,life,2026-08-07T11:36:03.588875+00:00,b76ecb2a26a69bba8f963ab44b39e229802ce9ea0cda182413cedd065a123c5a,mbn_index_parser@1,False,False,,라벨 없음,39,7,19,금,2026-02,50,저녁(18–23),중하,0
5176853,mbn,5176853,https://www.mbn.co.kr/news/life/5176853,"한국도자기, 83년 헤리티지에 감각을 입히다 [서울리빙디자인페어]",2026-02-20 15:09:00,life,2026-08-07T11:36:03.588875+00:00,b76ecb2a26a69bba8f963ab44b39e229802ce9ea0cda182413cedd065a123c5a,mbn_index_parser@1,False,False,,라벨 없음,36,6,15,금,2026-02,50,오후(12–17),중하,0
5176848,mbn,5176848,https://www.mbn.co.kr/news/life/5176848,"구정마루, '로망을 만드는 사람들' 전시…체험형 콘텐츠 운영 [서울리빙디자인페어]",2026-02-20 14:45:00,life,2026-08-07T11:36:03.588875+00:00,b76ecb2a26a69bba8f963ab44b39e229802ce9ea0cda182413cedd065a123c5a,mbn_index_parser@1,False,False,,라벨 없음,45,9,14,금,2026-02,50,오후(12–17),중상,0
5176835,mbn,5176835,https://www.mbn.co.kr/news/life/5176835,코엑스에서 만나는 덴마크 리빙 디자인의 정수 [서울리빙디자인페어],2026-02-20 14:22:00,life,2026-08-07T11:36:03.588875+00:00,b76ecb2a26a69bba8f963ab44b39e229802ce9ea0cda182413cedd065a123c5a,mbn_index_parser@1,False,False,,라벨 없음,36,7,14,금,2026-02,50,오후(12–17),중하,0
5176812,mbn,5176812,https://www.mbn.co.kr/news/life/5176812,“Better Brown”…지겨운 겨울옷 색과 소재 바꿔보기 [Style],2026-02-20 13:00:00,life,2026-08-07T11:36:03.588875+00:00,b76ecb2a26a69bba8f963ab44b39e229802ce9ea0cda182413cedd065a123c5a,mbn_index_parser@1,False,False,,라벨 없음,41,8,13,금,2026-02,50,오후(12–17),중상,0
5176688,mbn,5176688,https://www.mbn.co.kr/news/life/5176688,"핀카, '사랑이 가득 채워진 세계' 컨셉 부스 공개 [서울리빙디자인페어]",2026-02-19 22:06:00,life,2026-08-07T11:36:03.588875+00:00,b76ecb2a26a69bba8f963ab44b39e229802ce9ea0cda182413cedd065a123c5a,mbn_index_parser@1,False,False,,라벨 없음,40,9,22,목,2026-02,49,저녁(18–23),중하,0
5176686,mbn,5176686,https://www.mbn.co.kr/news/life/5176686,"웜그레이테일X한국도자기, '협업 테이블웨어' 공개 [서울리빙디자인페어]",2026-02-19 21:17:00,life,2026-08-07T11:36:03.588875+00:00,b76ecb2a26a69bba8f963ab44b39e229802ce9ea0cda182413cedd065a123c5a,mbn_index_parser@1,False,False,,라벨 없음,39,5,21,목,2026-02,49,저녁(18–23),중하,0
5176685,mbn,5176685,https://www.mbn.co.kr/news/life/5176685,"장미맨숀, 가구부터 굿즈까지…빈티지 감성 공간 선보여 [서울리빙디자인페어]",2026-02-19 20:55:00,life,2026-08-07T11:36:03.588875+00:00,b76ecb2a26a69bba8f963ab44b39e229802ce9ea0cda182413cedd065a123c5a,mbn_index_parser@1,False,False,,라벨 없음,41,8,20,목,2026-02,49,저녁(18–23),중상,0
5176581,mbn,5176581,https://www.mbn.co.kr/news/life/5176581,[Health Recipe] 새해부터 ‘숨’ 잘 쉬세요! 산소가 건강 좌우한다,2026-02-19 15:10:00,life,2026-08-07T11:36:03.588875+00:00,b76ecb2a26a69bba8f963ab44b39e229802ce9ea0cda182413cedd065a123c5a,mbn_index_parser@1,True,True,Health Recipe,Health Recipe,43,9,15,목,2026-02,49,오후(12–17),중상,20
5176386,mbn,5176386,https://www.mbn.co.kr/news/life/5176386,"연휴 끝, 첫 출근길 옷차림 든든히…내일 아침 -8도",2026-02-18 18:01:00,life,2026-08-07T11:36:03.588875+00:00,b76ecb2a26a69bba8f963ab44b39e229802ce9ea0cda182413cedd065a123c5a,mbn_index_parser@1,False,False,,라벨 없음,29,9,18,수,2026-02,48,저녁(18–23),짧음,0
5176008,mbn,5176008,https://www.mbn.co.kr/news/life/5176008,"기상청 ""경기 연천 북북동쪽서 규모 3.0 지진 발생""",2026-02-15 05:31:00,life,2026-08-07T11:36:03.588875+00:00,b76ecb2a26a69bba8f963ab44b39e229802ce9ea0cda182413cedd065a123c5a,mbn_index_parser@1,False,False,,라벨 없음,30,9,5,일,2026-02,45,새벽(0–5),짧음,0
5175921,mbn,5175921,https://www.mbn.co.kr/news/life/5175921,"'완전체' BTS, 컴백 앞두고 패션지 표지 모델…""팀이 우리의 정체성""",2026-02-14 10:48:00,life,2026-08-07T11:36:03.588875+00:00,b76ecb2a26a69bba8f963ab44b39e229802ce9ea0cda182413cedd065a123c5a,mbn_index_parser@1,False,False,,라벨 없음,40,10,10,토,2026-02,44,오전(6–11),중하,0
5175787,mbn,5175787,https://www.mbn.co.kr/news/life/5175787,"""변화의 시대, 가치를 디자인하다""…'2026 리빙트렌드세미나' 개최 [서울리빙디자인페어]",2026-02-13 15:27:00,life,2026-08-07T11:36:03.588875+00:00,b76ecb2a26a69bba8f963ab44b39e229802ce9ea0cda182413cedd065a123c5a,mbn_index_parser@1,False,False,,라벨 없음,50,8,15,금,2026-02,43,오후(12–17),김,0
5175708,mbn,5175708,https://www.mbn.co.kr/news/life/5175708,"이승기·이다인 부부, 첫딸 얻은 지 2년 만에…""둘째 5개월 차""",2026-02-13 10:04:00,life,2026-08-07T11:36:03.588875+00:00,b76ecb2a26a69bba8f963ab44b39e229802ce9ea0cda182413cedd065a123c5a,mbn_index_parser@1,False,False,,라벨 없음,36,11,10,금,2026-02,43,오전(6–11),중하,0
5175631,mbn,5175631,https://www.mbn.co.kr/news/life/5175631,오늘 낮 기온 7∼16도…미세먼지 농도는 '나쁨'∼'보통',2026-02-13 05:49:00,life,2026-08-07T11:36:03.588875+00:00,b76ecb2a26a69bba8f963ab44b39e229802ce9ea0cda182413cedd065a123c5a,mbn_index_parser@1,False,False,,라벨 없음,32,9,5,금,2026-02,43,새벽(0–5),짧음,0
5175561,mbn,5175561,https://www.mbn.co.kr/news/life/5175561,[Style] 겨울 건조 잡는 입체 메이크업 Blusher & Highlighter,2026-02-12 17:44:00,life,2026-08-07T11:36:03.588875+00:00,b76ecb2a26a69bba8f963ab44b39e229802ce9ea0cda182413cedd065a123c5a,mbn_index_parser@1,True,True,Style,Style,46,8,17,목,2026-02,42,오후(12–17),김,20
5175560,mbn,5175560,https://www.mbn.co.kr/news/life/5175560,[Find Dining] 로맨틱한 밸런타인데이를 위한 선택…설렘을 채우는 미식 데이트 코스,2026-02-12 17:42:00,life,2026-08-07T11:36:03.588875+00:00,b76ecb2a26a69bba8f963ab44b39e229802ce9ea0cda182413cedd065a123c5a,mbn_index_parser@1,True,True,Find Dining,Find Dining,50,11,17,목,2026-02,42,오후(12–17),김,24
5175450,mbn,5175450,https://www.mbn.co.kr/news/life/5175450,"""제로음료 너무 믿지 마세요""…'뇌졸중 위험 증가' 연구결과 화제",2026-02-12 11:32:00,life,2026-08-07T11:36:03.588875+00:00,b76ecb2a26a69bba8f963ab44b39e229802ce9ea0cda182413cedd065a123c5a,mbn_index_parser@1,False,False,,라벨 없음,36,9,11,목,2026-02,42,오전(6–11),중하,0
5175290,mbn,5175290,https://www.mbn.co.kr/news/life/5175290,[Consumer News] 스벅부터 투썸까지 커피업계도 ‘두쫀쿠’ 열풍 탑승,2026-02-11 18:44:00,life,2026-08-07T11:36:03.588875+00:00,b76ecb2a26a69bba8f963ab44b39e229802ce9ea0cda182413cedd065a123c5a,mbn_index_parser@1,True,True,Consumer News,Consumer News,43,8,18,수,2026-02,41,저녁(18–23),중상,11
5174978,mbn,5174978,https://www.mbn.co.kr/news/life/5174978,[Health Recipe] 어둠 속 휴대폰 망막 태우기? 어둠과 상극인 휴대폰,2026-02-10 17:14:00,life,2026-08-07T11:36:03.588875+00:00,b76ecb2a26a69bba8f963ab44b39e229802ce9ea0cda182413cedd065a123c5a,mbn_index_parser@1,True,True,Health Recipe,Health Recipe,44,10,17,화,2026-02,40,오후(12–17),중상,20
5174954,mbn,5174954,https://www.mbn.co.kr/news/life/5174954,“미리 준비하는 설날이 알차다” 2026 설 연휴를 위한 실속 가이드,2026-02-10 16:24:00,life,2026-08-07T11:36:03.588875+00:00,b76ecb2a26a69bba8f963ab44b39e229802ce9ea0cda182413cedd065a123c5a,mbn_index_parser@1,False,False,,라벨 없음,38,10,16,화,2026-02,40,오후(12–17),중하,0
5174937,mbn,5174937,https://www.mbn.co.kr/news/life/5174937,"창덕궁, 낡은 한옥 그리고 골목의 위스키 바…안국동 미식 노마드 [Find Dining]",2026-02-10 16:00:00,life,2026-08-07T11:36:03.588875+00:00,b76ecb2a26a69bba8f963ab44b39e229802ce9ea0cda182413cedd065a123c5a,mbn_index_parser@1,False,False,,라벨 없음,49,12,16,화,2026-02,40,오후(12–17),김,0
5174699,mbn,5174699,https://www.mbn.co.kr/news/life/5174699,[Mind Note] 나만의 만트라 명상법…. 관계에도 만트라 명상처럼 주문을 외우다 “퉁쳐!”,2026-02-09 17:00:00,life,2026-08-07T11:36:03.588875+00:00,b76ecb2a26a69bba8f963ab44b39e229802ce9ea0cda182413cedd065a123c5a,mbn_index_parser@1,True,True,Mind Note,Mind Note,53,11,17,월,2026-02,39,오후(12–17),김,7
5173422,mbn,5173422,https://www.mbn.co.kr/news/life/5173422,[Style] “Brightening Eyes” 깨끗하고 탄탄한 눈매를 바라다,2026-02-03 17:20:00,life,2026-08-07T11:36:03.588875+00:00,b76ecb2a26a69bba8f963ab44b39e229802ce9ea0cda182413cedd065a123c5a,mbn_index_parser@1,True,True,Style,Style,43,7,17,화,2026-02,33,오후(12–17),중상,20
5173421,mbn,5173421,https://www.mbn.co.kr/news/life/5173421,[Find Dining] 제주 동네 맛집…관광객보다 현지인이 더 많은 곳은 어디?,2026-02-03 17:18:00,life,2026-08-07T11:36:03.588875+00:00,b76ecb2a26a69bba8f963ab44b39e229802ce9ea0cda182413cedd065a123c5a,mbn_index_parser@1,True,True,Find Dining,Find Dining,45,11,17,화,2026-02,33,오후(12–17),중상,24
5173416,mbn,5173416,https://www.mbn.co.kr/news/life/5173416,"[Health Recipe] 생애 주기별 단백질 섭취 전략 ‘많이’ 말고, ‘잘’ 먹자!",2026-02-03 17:04:00,life,2026-08-07T11:36:03.588875+00:00,b76ecb2a26a69bba8f963ab44b39e229802ce9ea0cda182413cedd065a123c5a,mbn_index_parser@1,True,True,Health Recipe,Health Recipe,49,11,17,화,2026-02,33,오후(12–17),김,20
5173153,mbn,5173153,https://www.mbn.co.kr/news/life/5173153,"생각과 다투지 말고, 몸을 쓰는 행동을 하자! [Mind Note]",2026-02-02 19:02:00,life,2026-08-07T11:36:03.588875+00:00,b76ecb2a26a69bba8f963ab44b39e229802ce9ea0cda182413cedd065a123c5a,mbn_index_parser@1,False,False,,라벨 없음,37,9,19,월,2026-02,32,저녁(18–23),중하,0
5172564,mbn,5172564,https://www.mbn.co.kr/news/life/5172564,"'배터리 과열 추정 화재' 스벅 프리퀀시 가습기, 전량 리콜",2026-01-30 14:12:00,life,2026-08-07T11:36:03.588875+00:00,b76ecb2a26a69bba8f963ab44b39e229802ce9ea0cda182413cedd065a123c5a,mbn_index_parser@1,False,False,,라벨 없음,33,9,14,금,2026-01,29,오후(12–17),짧음,0
5172539,mbn,5172539,https://www.mbn.co.kr/news/life/5172539,[Consumer News] ‘60만 원’ 설 상차림 세트 나왔다…최고급 호텔 차례상 화제,2026-01-30 11:50:00,life,2026-08-07T11:36:03.588875+00:00,b76ecb2a26a69bba8f963ab44b39e229802ce9ea0cda182413cedd065a123c5a,mbn_index_parser@1,True,True,Consumer News,Consumer News,50,12,11,금,2026-01,29,오전(6–11),김,11
5171882,mbn,5171882,https://www.mbn.co.kr/news/life/5171882,깨끗한나라-런콥컴퍼니 업무협약…러닝 활동 위생·케어 확대,2026-01-28 10:14:00,life,2026-08-07T11:36:03.588875+00:00,b76ecb2a26a69bba8f963ab44b39e229802ce9ea0cda182413cedd065a123c5a,mbn_index_parser@1,False,False,,라벨 없음,31,8,10,수,2026-01,27,오전(6–11),짧음,0
5171749,mbn,5171749,https://www.mbn.co.kr/news/life/5171749,[Style] “자연스럽고 선명하게” Color Protect Lip,2026-01-27 17:28:00,life,2026-08-07T11:36:03.588875+00:00,b76ecb2a26a69bba8f963ab44b39e229802ce9ea0cda182413cedd065a123c5a,mbn_index_parser@1,True,True,Style,Style,38,6,17,화,2026-01,26,오후(12–17),중하,20
5171735,mbn,5171735,https://www.mbn.co.kr/news/life/5171735,[Health Recipe] 덜 먹으면 덜 늙는다…세포 회춘 ‘오토파지(Autophagy)’,2026-01-27 17:18:00,life,2026-08-07T11:36:03.588875+00:00,b76ecb2a26a69bba8f963ab44b39e229802ce9ea0cda182413cedd065a123c5a,mbn_index_parser@1,True,True,Health Recipe,Health Recipe,51,10,17,화,2026-01,26,오후(12–17),김,20
5171700,mbn,5171700,https://www.mbn.co.kr/news/life/5171700,"‘2026 MBN 선셋마라톤’, 접수 하루 만에 마감…뜨거운 열기",2026-01-27 16:24:00,life,2026-08-07T11:36:03.588875+00:00,b76ecb2a26a69bba8f963ab44b39e229802ce9ea0cda182413cedd065a123c5a,mbn_index_parser@1,False,False,,라벨 없음,36,9,16,화,2026-01,26,오후(12–17),중하,0
5171442,mbn,5171442,https://www.mbn.co.kr/news/life/5171442,[Mind Note] 새해의 다짐…‘나’에게도 더 관대해지길,2026-01-26 16:52:00,life,2026-08-07T11:36:03.588875+00:00,b76ecb2a26a69bba8f963ab44b39e229802ce9ea0cda182413cedd065a123c5a,mbn_index_parser@1,True,True,Mind Note,Mind Note,33,8,16,월,2026-01,25,오후(12–17),짧음,7
5171436,mbn,5171436,https://www.mbn.co.kr/news/life/5171436,[Find Dining] 한기(寒氣)를 잠재우는 힘…겨울의 정점을 버티는 보양식,2026-01-26 16:44:00,life,2026-08-07T11:36:03.588875+00:00,b76ecb2a26a69bba8f963ab44b39e229802ce9ea0cda182413cedd065a123c5a,mbn_index_parser@1,True,True,Find Dining,Find Dining,44,10,16,월,2026-01,25,오후(12–17),중상,24
5171426,mbn,5171426,https://www.mbn.co.kr/news/life/5171426,"""일급 480만 원 응급의학과 전문의 모십니다""…지역 종합병원 '직격탄'",2026-01-26 16:16:00,life,2026-08-07T11:36:03.588875+00:00,b76ecb2a26a69bba8f963ab44b39e229802ce9ea0cda182413cedd065a123c5a,mbn_index_parser@1,False,False,,라벨 없음,40,9,16,월,2026-01,25,오후(12–17),중하,0
5171298,mbn,5171298,https://www.mbn.co.kr/news/life/5171298,"""노을 보며 도심을 달린다""…'선셋마라톤' 접수 시작",2026-01-26 09:32:00,life,2026-08-07T11:36:03.588875+00:00,b76ecb2a26a69bba8f963ab44b39e229802ce9ea0cda182413cedd065a123c5a,mbn_index_parser@1,False,False,,라벨 없음,29,7,9,월,2026-01,25,오전(6–11),짧음,0
5170846,mbn,5170846,https://www.mbn.co.kr/news/life/5170846,[Find Dining] 모두 불 앞으로 모여~ 한겨울 고기 맛집,2026-01-23 11:00:00,life,2026-08-07T11:36:03.588875+00:00,b76ecb2a26a69bba8f963ab44b39e229802ce9ea0cda182413cedd065a123c5a,mbn_index_parser@1,True,True,Find Dining,Find Dining,36,9,11,금,2026-01,22,오전(6–11),중하,24
5170668,mbn,5170668,https://www.mbn.co.kr/news/life/5170668,[Style] More Shampooing…“뿌리 탄탄 볼륨 업!”,2026-01-22 16:56:00,life,2026-08-07T11:36:03.588875+00:00,b76ecb2a26a69bba8f963ab44b39e229802ce9ea0cda182413cedd065a123c5a,mbn_index_parser@1,True,True,Style,Style,37,7,16,목,2026-01,21,오후(12–17),중하,20
5170666,mbn,5170666,https://www.mbn.co.kr/news/life/5170666,[Health Recipe] 이제 금연도 PT 받자! 금연 전문가의 ‘착붙’ 케어,2026-01-22 16:50:00,life,2026-08-07T11:36:03.588875+00:00,b76ecb2a26a69bba8f963ab44b39e229802ce9ea0cda182413cedd065a123c5a,mbn_index_parser@1,True,True,Health Recipe,Health Recipe,45,10,16,목,2026-01,21,오후(12–17),중상,20
5169861,mbn,5169861,https://www.mbn.co.kr/news/life/5169861,새해맞이 스트레스 관리법…스트레서(stresser)로부터 ‘거리 두기’ [Mind Note],2026-01-19 17:36:00,life,2026-08-07T11:36:03.588875+00:00,b76ecb2a26a69bba8f963ab44b39e229802ce9ea0cda182413cedd065a123c5a,mbn_index_parser@1,False,False,,라벨 없음,51,10,17,월,2026-01,18,오후(12–17),김,0
5169288,mbn,5169288,https://www.mbn.co.kr/news/life/5169288,"[Consumer News] 글로벌 존재감 드러내는 K-뷰티, CES 매료시킨 기술력 뭐길래",2026-01-16 12:24:00,life,2026-08-07T11:36:03.588875+00:00,b76ecb2a26a69bba8f963ab44b39e229802ce9ea0cda182413cedd065a123c5a,mbn_index_parser@1,True,True,Consumer News,Consumer News,51,11,12,금,2026-01,15,오후(12–17),김,11
5169050,mbn,5169050,https://www.mbn.co.kr/news/life/5169050,"'요양병원 간병 급여화' 속도…""지역 일자리 창출 마중물 될 것""",2026-01-15 15:03:00,life,2026-08-07T11:36:03.588875+00:00,b76ecb2a26a69bba8f963ab44b39e229802ce9ea0cda182413cedd065a123c5a,mbn_index_parser@1,False,False,,라벨 없음,36,10,15,목,2026-01,14,오후(12–17),중하,0
5169034,mbn,5169034,https://www.mbn.co.kr/news/life/5169034,"'두쫀쿠 열풍' 전문의 경고…""당과 포화지방 농축, 한 입에 먹었다간""",2026-01-15 14:20:00,life,2026-08-07T11:36:03.588875+00:00,b76ecb2a26a69bba8f963ab44b39e229802ce9ea0cda182413cedd065a123c5a,mbn_index_parser@1,False,False,,라벨 없음,39,10,14,목,2026-01,14,오후(12–17),중하,0
5168875,mbn,5168875,https://www.mbn.co.kr/news/life/5168875,내일 출근길 '미끌' 살얼음 조심…전국 미세먼지 '나쁨',2026-01-14 19:26:00,life,2026-08-07T11:36:03.588875+00:00,b76ecb2a26a69bba8f963ab44b39e229802ce9ea0cda182413cedd065a123c5a,mbn_index_parser@1,False,False,,라벨 없음,31,8,19,수,2026-01,13,저녁(18–23),짧음,0
5168534,mbn,5168534,https://www.mbn.co.kr/news/life/5168534,[Style] 완벽한 커버에 윤기 더하는 ‘하나의 킥’,2026-01-13 16:46:00,life,2026-08-07T11:36:03.588875+00:00,b76ecb2a26a69bba8f963ab44b39e229802ce9ea0cda182413cedd065a123c5a,mbn_index_parser@1,True,True,Style,Style,30,7,16,화,2026-01,12,오후(12–17),짧음,20
5168528,mbn,5168528,https://www.mbn.co.kr/news/life/5168528,“운동도 과자 먹듯 하자” 운동 스낵 알람 설정하기 [Health Recipe],2026-01-13 16:42:00,life,2026-08-07T11:36:03.588875+00:00,b76ecb2a26a69bba8f963ab44b39e229802ce9ea0cda182413cedd065a123c5a,mbn_index_parser@1,False,False,,라벨 없음,44,10,16,화,2026-01,12,오후(12–17),중상,0
5168467,mbn,5168467,https://www.mbn.co.kr/news/life/5168467,고 안성기 앗아간 '기도 폐쇄' 흔한 일일까?…법의학자의 분석,2026-01-13 13:51:00,life,2026-08-07T11:36:03.588875+00:00,b76ecb2a26a69bba8f963ab44b39e229802ce9ea0cda182413cedd065a123c5a,mbn_index_parser@1,False,False,,라벨 없음,34,9,13,화,2026-01,12,오후(12–17),짧음,0
5168367,mbn,5168367,https://www.mbn.co.kr/news/life/5168367,김치 없으면 밥 못 먹는데…암 기여도 1위 음식은 '염장 채소',2026-01-13 09:00:00,life,2026-08-07T11:36:03.588875+00:00,b76ecb2a26a69bba8f963ab44b39e229802ce9ea0cda182413cedd065a123c5a,mbn_index_parser@1,False,False,,라벨 없음,35,11,9,화,2026-01,12,오전(6–11),중하,0
5168194,mbn,5168194,https://www.mbn.co.kr/news/life/5168194,[Find Dining] 오붓한 대화가 있는 곳…고요함 속에서 깊어지는 이야기,2026-01-12 14:52:00,life,2026-08-07T11:36:03.588875+00:00,b76ecb2a26a69bba8f963ab44b39e229802ce9ea0cda182413cedd065a123c5a,mbn_index_parser@1,True,True,Find Dining,Find Dining,43,10,14,월,2026-01,11,오후(12–17),중상,24
5168190,mbn,5168190,https://www.mbn.co.kr/news/life/5168190,[Mind Note] 최고의 시작을 만드는 방법 ‘최신효과’의 힘,2026-01-12 14:48:00,life,2026-08-07T11:36:03.588875+00:00,b76ecb2a26a69bba8f963ab44b39e229802ce9ea0cda182413cedd065a123c5a,mbn_index_parser@1,True,True,Mind Note,Mind Note,36,9,14,월,2026-01,11,오후(12–17),중하,7
5168164,mbn,5168164,https://www.mbn.co.kr/news/life/5168164,''10조 투입' 상급종합병원 구조전환…지역 의료 붕괴 가속화 우려,2026-01-12 11:45:00,life,2026-08-07T11:36:03.588875+00:00,b76ecb2a26a69bba8f963ab44b39e229802ce9ea0cda182413cedd065a123c5a,mbn_index_parser@1,False,False,,라벨 없음,37,9,11,월,2026-01,11,오전(6–11),중하,0
5167637,mbn,5167637,https://www.mbn.co.kr/news/life/5167637,[Consumer News] 올겨울 미식 책임진 인기 간식…‘두쫀쿠’ 열풍부터 슈톨렌 호두과자까지?,2026-01-09 11:34:00,life,2026-08-07T11:36:03.588875+00:00,b76ecb2a26a69bba8f963ab44b39e229802ce9ea0cda182413cedd065a123c5a,mbn_index_parser@1,True,True,Consumer News,Consumer News,55,11,11,금,2026-01,8,오전(6–11),김,11
5167209,mbn,5167209,https://www.mbn.co.kr/news/life/5167209,"내일 서울 아침 ""체감 -13도↓""…하루새 기온 '뚝'",2026-01-07 18:47:00,life,2026-08-07T11:36:03.588875+00:00,b76ecb2a26a69bba8f963ab44b39e229802ce9ea0cda182413cedd065a123c5a,mbn_index_parser@1,False,False,,라벨 없음,30,8,18,수,2026-01,6,저녁(18–23),짧음,0
5167208,mbn,5167208,https://www.mbn.co.kr/news/life/5167208,[Style] 그래니 코어(Granny Core)…단정하고 편안하게 감성 살리기,2026-01-07 18:30:00,life,2026-08-07T11:36:03.588875+00:00,b76ecb2a26a69bba8f963ab44b39e229802ce9ea0cda182413cedd065a123c5a,mbn_index_parser@1,True,True,Style,Style,44,9,18,수,2026-01,6,저녁(18–23),중상,20
5167207,mbn,5167207,https://www.mbn.co.kr/news/life/5167207,몸이 보내는 간 건강 적신호…과묵해서 무서운 ‘간’ [Health Recipe],2026-01-07 18:26:00,life,2026-08-07T11:36:03.588875+00:00,b76ecb2a26a69bba8f963ab44b39e229802ce9ea0cda182413cedd065a123c5a,mbn_index_parser@1,False,False,,라벨 없음,44,10,18,수,2026-01,6,저녁(18–23),중상,0
5166117,mbn,5166117,https://www.mbn.co.kr/news/life/5166117,[Consumer News] ‘흑백요리사 시즌2’ 또 심상치 않다…유통업계 ‘미식 마케팅’ 주목,2026-01-02 15:36:00,life,2026-08-07T11:36:03.588875+00:00,b76ecb2a26a69bba8f963ab44b39e229802ce9ea0cda182413cedd065a123c5a,mbn_index_parser@1,True,True,Consumer News,Consumer News,53,11,15,금,2026-01,1,오후(12–17),김,11
5166010,mbn,5166010,https://www.mbn.co.kr/news/life/5166010,"[Issue Pick]붉은 말의 해, 병오년 이모저모...2026년, 이런 것이 바뀌어요!",2026-01-02 10:36:00,life,2026-08-07T11:36:03.588875+00:00,b76ecb2a26a69bba8f963ab44b39e229802ce9ea0cda182413cedd065a123c5a,mbn_index_parser@1,True,True,Issue Pick,Issue Pick,50,11,10,금,2026-01,1,오전(6–11),김,2
5166002,mbn,5166002,https://www.mbn.co.kr/news/life/5166002,"김경란·윤지영·문희경, MBN '건강의 여신' MC로 뭉친다!",2026-01-02 10:04:00,life,2026-08-07T11:36:03.588875+00:00,b76ecb2a26a69bba8f963ab44b39e229802ce9ea0cda182413cedd065a123c5a,mbn_index_parser@1,False,False,,라벨 없음,34,8,10,금,2026-01,1,오전(6–11),짧음,0
5165906,mbn,5165906,https://www.mbn.co.kr/news/life/5165906,'꽁꽁' 얼어붙은 새해 첫 출근길 '-17도' 뚝…찬바람 쌩쌩,2026-01-01 17:23:00,life,2026-08-07T11:36:03.588875+00:00,b76ecb2a26a69bba8f963ab44b39e229802ce9ea0cda182413cedd065a123c5a,mbn_index_parser@1,False,False,,라벨 없음,34,9,17,목,2026-01,0,오후(12–17),짧음,0
